<?xml version="1.0" encoding="UTF-8"?>
<mods xmlns:xsi="http://www.w3.org/2001/XMLSchema-instance"
      version="3.7"
      xmlns="http://www.loc.gov/mods/v3"
      xsi:schemaLocation="http://www.loc.gov/mods/v3 http://www.loc.gov/standards/mods/v3/mods-3-7.xsd">
   <titleInfo>
      <title>USDA Forest Service Global Change Research Program Highlights: 1991-1995</title>
   </titleInfo>
   <name type="personal" usage="primary">
      <namePart type="given">Richard</namePart>
      <namePart type="family">Birdsey</namePart>
      <displayForm>Birdsey, Richard </displayForm>
      <affiliation>United States Department of Agriculture, Forest Service, Northern Research Station, The Strategic Foresight Group, One Gifford Pinchot Drive, Madison, WI 53726</affiliation>
      <role>
         <roleTerm type="text">author</roleTerm>
      </role>
   </name>
   <name type="personal">
      <namePart type="given">Robert</namePart>
      <namePart type="family">Mickler</namePart>
      <displayForm>Mickler, Robert </displayForm>
      <role>
         <roleTerm type="text">author</roleTerm>
      </role>
   </name>
   <name type="personal">
      <namePart type="given">David</namePart>
      <namePart type="family">Sandberg</namePart>
      <displayForm>Sandberg, David </displayForm>
      <role>
         <roleTerm type="text">author</roleTerm>
      </role>
   </name>
   <name type="personal">
      <namePart type="given">Richard</namePart>
      <namePart type="family">Tinus</namePart>
      <displayForm>Tinus, Richard </displayForm>
      <role>
         <roleTerm type="text">author</roleTerm>
      </role>
   </name>
   <name type="personal">
      <namePart type="given">John</namePart>
      <namePart type="family">Zerbe</namePart>
      <displayForm>Zerbe, John </displayForm>
      <role>
         <roleTerm type="text">author</roleTerm>
      </role>
   </name>
   <name type="personal">
      <namePart type="given">Kelly eds.</namePart>
      <namePart type="family">O'Brian</namePart>
      <displayForm>O'Brian, Kelly  eds.</displayForm>
      <role>
         <roleTerm type="text">author</roleTerm>
      </role>
   </name>
   <typeOfResource>text</typeOfResource>
   <genre>article</genre>
   <originInfo>
      <dateIssued encoding="w3cdtf" keyDate="yes">2019-06-25</dateIssued>
   </originInfo>
   <note type="treesearch-status">Informally Refereed (Peer-Reviewed)</note>
   <language>
      <languageTerm type="code" authority="iso639-2b">eng</languageTerm>
      <languageTerm type="text">English</languageTerm>
   </language>
   <abstract>Summarizes research findings of the USDA Forest Service's Global Change Research Program. Research highlights are presented at national and regional scales within the following topic areas: atmosphere/biosphere gas and energy exchange; ecosystem dynamics; disturbance ecology; and human activities and natural resource interactions. Selected topics are reviewed in depth with individual papers covering the global carbon cycle, climate scenarios, multiple stress studies, changes in vegetation distribution, the United States carbon budget, and the human dimensions of global change. Also included is a progress report on development of an integrated national model of the effects of global change on forests and people.</abstract>
   <relatedItem type="series">
      <titleInfo type="abbreviated">
         <title>Gen. Tech. Rep.</title>
      </titleInfo>
      <titleInfo>
         <title>General Technical Report (GTR)</title>
      </titleInfo>
      <part>
         <detail type="volume">
            <number>237</number>
            <caption>v.</caption>
         </detail>
         <text type="year">2019</text>
         <text type="month">06</text>
         <text type="day">25</text>
         <extent unit="pages">
            <start>1</start>
            <end>122</end>
            <total>122</total>
         </extent>
      </part>
   </relatedItem>
   <identifier type="doi">10.2737/NE-GTR-237</identifier>
   <location>
      <url displayLabel="Direct access to publisher’s site">http://dx.doi.org/10.2737/NE-GTR-237</url>
   </location>
   <identifier type="treesearch">3137</identifier>
   <identifier type="treesearch-pub">4431</identifier>
   <location>
      <url displayLabel="Direct access to publisher’s site">https://www.fs.usda.gov/treesearch/pubs/4431</url>
   </location>
   <location>
      <url displayLabel="Full Text in PDF">https://www.fs.fed.us/nrs/pubs/gtr/gtr_ne237.pdf</url>
   </location>
   <accessCondition type="use and reproduction" displayLabel="Resource is Open Access">
      <program xmlns="https://data.crossref.org/schemas/AccessIndicators.xsd">
         <license_ref>http://purl.org/eprint/accessRights/OpenAccess</license_ref>
      </program>
   </accessCondition>
   <extension>
      <vendorName>United States. Forest service</vendorName>
      <originalFile>file:/C:/Users/carlos.martinez/Downloads/Chrome-downloads/json-to-mods_2xslt-master/workingDir-12-15-2021/A-4431.json</originalFile>
      <workingDirectory>C:/Users/carlos.martinez/Desktop/json-to-mods_2xslt/workingCopy/</workingDirectory>
      <xslt_document>file:/C:/Users/carlos.martinez/Downloads/Chrome-downloads/json-to-mods_2xslt-master/xslt_for_server.xsl</xslt_document>
   </extension>
</mods>
