<?xml version="1.0" encoding="UTF-8"?>
<mods xmlns:xsi="http://www.w3.org/2001/XMLSchema-instance"
      version="3.7"
      xmlns="http://www.loc.gov/mods/v3"
      xsi:schemaLocation="http://www.loc.gov/mods/v3 http://www.loc.gov/standards/mods/v3/mods-3-7.xsd">
   <titleInfo>
      <title>Shuffling of promoters for multiple genes to optimize xylose fermentation in an engineered Saccharomyces cerevisiae strain</title>
   </titleInfo>
   <name type="personal" usage="primary">
      <namePart type="given">Chengfeng</namePart>
      <namePart type="family">Lu</namePart>
      <displayForm>Lu, Chengfeng</displayForm>
      <role>
         <roleTerm type="text">author</roleTerm>
      </role>
   </name>
   <name type="personal">
      <namePart type="given">Thomas</namePart>
      <namePart type="family">Jeffries</namePart>
      <displayForm>Jeffries, Thomas</displayForm>
      <affiliation>United States Department of Agriculture, Forest Service, Forest Products Laboratory, Institute for Microbial and Biochemical Technology, One Gifford Pinchot Drive, Madison, WI 53726</affiliation>
      <role>
         <roleTerm type="text">author</roleTerm>
      </role>
   </name>
   <typeOfResource>text</typeOfResource>
   <genre>article</genre>
   <originInfo>
      <dateIssued encoding="w3cdtf" keyDate="yes">2008-12-31</dateIssued>
   </originInfo>
   <note type="treesearch-status">Informally Refereed (Peer-Reviewed)</note>
   <language>
      <languageTerm type="code" authority="iso639-2b">eng</languageTerm>
      <languageTerm type="text">English</languageTerm>
   </language>
   <relatedItem type="host">
      <part>
         <text type="year">2008</text>
         <text type="month">12</text>
         <text type="day">31</text>
         <extent unit="pages">
            <start>6072</start>
            <end>6077</end>
            <total>6</total>
         </extent>
      </part>
   </relatedItem>
   <identifier type="treesearch">2228</identifier>
   <identifier type="treesearch-pub">29164</identifier>
   <location>
      <url displayLabel="Direct access to publisher’s site">https://www.fs.usda.gov/treesearch/pubs/29164</url>
   </location>
   <location>
      <url displayLabel="Full Text in PDF">https://www.fpl.fs.fed.us/documnts/pdf2007/fpl_2007_lu002.pdf</url>
   </location>
   <accessCondition type="use and reproduction" displayLabel="Resource is Open Access">
      <program xmlns="https://data.crossref.org/schemas/AccessIndicators.xsd">
         <license_ref>http://purl.org/eprint/accessRights/OpenAccess</license_ref>
      </program>
   </accessCondition>
   <extension>
      <vendorName>United States. Forest service</vendorName>
      <originalFile>file:/C:/Users/carlos.martinez/Downloads/Chrome-downloads/json-to-mods_2xslt-master/workingDir-12-15-2021/A-29164.json</originalFile>
      <workingDirectory>C:/Users/carlos.martinez/Desktop/json-to-mods_2xslt/workingCopy/</workingDirectory>
      <xslt_document>file:/C:/Users/carlos.martinez/Downloads/Chrome-downloads/json-to-mods_2xslt-master/xslt_for_server.xsl</xslt_document>
   </extension>
</mods>
