<?xml version="1.0" encoding="UTF-8"?>
<mods xmlns:xsi="http://www.w3.org/2001/XMLSchema-instance"
      version="3.7"
      xmlns="http://www.loc.gov/mods/v3"
      xsi:schemaLocation="http://www.loc.gov/mods/v3 http://www.loc.gov/standards/mods/v3/mods-3-7.xsd">
   <titleInfo>
      <title>On the palladium-on-charcoal disproportionation of rosin</title>
   </titleInfo>
   <name type="personal" usage="primary">
      <namePart type="given">Zhan-Qian</namePart>
      <namePart type="family">Song</namePart>
      <displayForm>Song, Zhan-Qian</displayForm>
      <role>
         <roleTerm type="text">author</roleTerm>
      </role>
   </name>
   <name type="personal">
      <namePart type="given">Eugene</namePart>
      <namePart type="family">Zavarin</namePart>
      <displayForm>Zavarin, Eugene</displayForm>
      <role>
         <roleTerm type="text">author</roleTerm>
      </role>
   </name>
   <name type="personal">
      <namePart type="given">Duane F.</namePart>
      <namePart type="family">Zinkel</namePart>
      <displayForm>Zinkel, Duane F.</displayForm>
      <role>
         <roleTerm type="text">author</roleTerm>
      </role>
   </name>
   <typeOfResource>text</typeOfResource>
   <genre>article</genre>
   <originInfo>
      <dateIssued encoding="w3cdtf" keyDate="yes">2008-07-17</dateIssued>
   </originInfo>
   <note type="treesearch-status">Informally Refereed (Peer-Reviewed)</note>
   <language>
      <languageTerm type="code" authority="iso639-2b">eng</languageTerm>
      <languageTerm type="text">English</languageTerm>
   </language>
   <abstract>Changes in the composition of gum rosin during disproportionation in the presence of 5% palladium-on-charcoal have been determined by gas chromatography. The principal reaction product was dehydroabietic acid. The exocyclic vinyl group of the pimaric/isopimarictype resin acids was hydrogenated completely. Only a small amount of dihydroabietic acids was formed. Eight dihydro resin acids were identified. No tetrahydro resin acids were observed.</abstract>
   <subject>
      <topic>Charcoal</topic>
   </subject>
   <subject>
      <topic>emulsifiers</topic>
   </subject>
   <subject>
      <topic>palladium</topic>
   </subject>
   <subject>
      <topic>resin acids</topic>
   </subject>
   <subject>
      <topic>rosin</topic>
   </subject>
   <subject>
      <topic>dehydroabeitic acid</topic>
   </subject>
   <relatedItem type="host">
      <titleInfo>
         <title>Journal of wood chemsitry and technology</title>
      </titleInfo>
      <part>
         <text type="year">2008</text>
         <text type="month">07</text>
         <text type="day">17</text>
         <extent unit="pages">
            <start>535</start>
            <end>542</end>
            <total>8</total>
         </extent>
      </part>
   </relatedItem>
   <identifier type="treesearch">2160</identifier>
   <identifier type="treesearch-pub">30542</identifier>
   <location>
      <url displayLabel="Direct access to publisher’s site">https://www.fs.usda.gov/treesearch/pubs/30542</url>
   </location>
   <location>
      <url displayLabel="Full Text in PDF">https://www.fpl.fs.fed.us/documnts/pdf1985/song85a.pdf</url>
   </location>
   <accessCondition type="use and reproduction" displayLabel="Resource is Open Access">
      <program xmlns="https://data.crossref.org/schemas/AccessIndicators.xsd">
         <license_ref>http://purl.org/eprint/accessRights/OpenAccess</license_ref>
      </program>
   </accessCondition>
   <extension>
      <vendorName>United States. Forest service</vendorName>
      <originalFile>file:/C:/Users/carlos.martinez/Downloads/Chrome-downloads/json-to-mods_2xslt-master/workingDir-12-15-2021/A-30542.json</originalFile>
      <workingDirectory>C:/Users/carlos.martinez/Desktop/json-to-mods_2xslt/workingCopy/</workingDirectory>
      <xslt_document>file:/C:/Users/carlos.martinez/Downloads/Chrome-downloads/json-to-mods_2xslt-master/xslt_for_server.xsl</xslt_document>
   </extension>
</mods>
