<?xml version="1.0" encoding="UTF-8"?>
<mods xmlns:xsi="http://www.w3.org/2001/XMLSchema-instance"
      version="3.7"
      xmlns="http://www.loc.gov/mods/v3"
      xsi:schemaLocation="http://www.loc.gov/mods/v3 http://www.loc.gov/standards/mods/v3/mods-3-7.xsd">
   <titleInfo>
      <title>Long-term effects of elevated carbon dioxide concentration on sour orange wood specific gravity, modulus of elasticity, and microfibril angle</title>
   </titleInfo>
   <name type="personal" usage="primary">
      <namePart type="given">David</namePart>
      <namePart type="family">Kretschmann</namePart>
      <displayForm>Kretschmann, David</displayForm>
      <affiliation>United States Department of Agriculture, Forest Service, Forest Products Laboratory, Engineering Properties of Wood, Wood based Materials and Structures, One Gifford Pinchot Drive, Madison, WI 53726</affiliation>
      <role>
         <roleTerm type="text">author</roleTerm>
      </role>
   </name>
   <name type="personal">
      <namePart type="given">James</namePart>
      <namePart type="family">Evans</namePart>
      <displayForm>Evans, James</displayForm>
      <affiliation>United States Department of Agriculture, Forest Service, Forest Products Laboratory, Economics, Statistics and Life Cycle Analysis Research, One Gifford Pinchot Drive, Madison, WI 53726</affiliation>
      <role>
         <roleTerm type="text">author</roleTerm>
      </role>
   </name>
   <name type="personal">
      <namePart type="given">Mike Rudie</namePart>
      <namePart type="family">Wiemann</namePart>
      <displayForm>Wiemann, Mike Rudie</displayForm>
      <role>
         <roleTerm type="text">author</roleTerm>
      </role>
   </name>
   <name type="personal">
      <namePart type="given">Bruce A.</namePart>
      <namePart type="family">Kimball</namePart>
      <displayForm>Kimball, Bruce A.</displayForm>
      <role>
         <roleTerm type="text">author</roleTerm>
      </role>
   </name>
   <name type="personal">
      <namePart type="given">Sherwood B.</namePart>
      <namePart type="family">Idso</namePart>
      <displayForm>Idso, Sherwood B.</displayForm>
      <role>
         <roleTerm type="text">author</roleTerm>
      </role>
   </name>
   <typeOfResource>text</typeOfResource>
   <genre>article</genre>
   <originInfo>
      <dateIssued encoding="w3cdtf" keyDate="yes">2007-11-08</dateIssued>
   </originInfo>
   <note type="treesearch-status">Informally Refereed (Peer-Reviewed)</note>
   <language>
      <languageTerm type="code" authority="iso639-2b">eng</languageTerm>
      <languageTerm type="text">English</languageTerm>
   </language>
   <abstract>The carbon dioxide (CO2) concentration of Earth’s atmosphere continues to rise. Plants in general are responsive to changing CO2 concentrations, which suggests changes in agricultural productivity in the United States and around the world. The ability of plants to absorb CO2 during photosynthesis and then store carbon in their structure or sequester it in the soil has potential for mitigating the rate of rise of atmospheric CO2 concentration. Since 1987, Bruce Kimball and coworkers at the USDA Agricultural Research Service in Phoenix, Arizona, have maintained a greenhouse gas experiment using sour orange trees maintained in a CO2-enriched environment. These trees were harvested in 2005. During the final massive harvest, many different properties and characteristics of the woody biomass for these sour orange trees were studied. This report focuses only on the mechanical property evaluation of modulus of elasticity (MOE), specific gravity, and microfibril angle. In this study of CO2-exposed sour orange trees, CO2 did not significantly affect specific gravity of sour orange trees. Exposure to CO2 did not significantly affect MOE of sour orange trees. Exposure to CO2 did, however, seem to influence microfibril angle development. Minor interactions between CO2 and cardinal direction affected the MOE and were caused by experimental difference in chamber construction.</abstract>
   <subject>
      <topic>Elevated CO2 exposure</topic>
   </subject>
   <subject>
      <topic>sour orange</topic>
   </subject>
   <subject>
      <topic>properties</topic>
   </subject>
   <subject>
      <topic>MOE</topic>
   </subject>
   <subject>
      <topic>fibril angle</topic>
   </subject>
   <subject>
      <topic>specific gravity</topic>
   </subject>
   <relatedItem type="series">
      <titleInfo type="abbreviated">
         <title>Res. Note </title>
      </titleInfo>
      <titleInfo>
         <title>Research Note (RN)</title>
      </titleInfo>
      <part>
         <detail type="volume">
            <number>307</number>
            <caption>v.</caption>
         </detail>
         <text type="year">2007</text>
         <text type="month">11</text>
         <text type="day">08</text>
         <extent unit="pages">
            <total>9</total>
         </extent>
      </part>
   </relatedItem>
   <identifier type="doi">10.2737/FPL-RN-307</identifier>
   <location>
      <url displayLabel="Direct access to publisher’s site">http://dx.doi.org/10.2737/FPL-RN-307</url>
   </location>
   <identifier type="treesearch">602</identifier>
   <identifier type="treesearch-pub">28978</identifier>
   <location>
      <url displayLabel="Direct access to publisher’s site">https://www.fs.usda.gov/treesearch/pubs/28978</url>
   </location>
   <location>
      <url displayLabel="Full Text in PDF">https://www.fpl.fs.fed.us/documnts/fplrn/fpl_rn307.pdf</url>
   </location>
   <accessCondition type="use and reproduction" displayLabel="Resource is Open Access">
      <program xmlns="https://data.crossref.org/schemas/AccessIndicators.xsd">
         <license_ref>http://purl.org/eprint/accessRights/OpenAccess</license_ref>
      </program>
   </accessCondition>
   <extension>
      <vendorName>United States. Forest service</vendorName>
      <originalFile>file:/C:/Users/carlos.martinez/Downloads/Chrome-downloads/json-to-mods_2xslt-master/workingDir-12-15-2021/A-28978.json</originalFile>
      <workingDirectory>C:/Users/carlos.martinez/Desktop/json-to-mods_2xslt/workingCopy/</workingDirectory>
      <xslt_document>file:/C:/Users/carlos.martinez/Downloads/Chrome-downloads/json-to-mods_2xslt-master/xslt_for_server.xsl</xslt_document>
   </extension>
</mods>
