<?xml version="1.0" encoding="UTF-8"?>
<mods xmlns:xsi="http://www.w3.org/2001/XMLSchema-instance"
      version="3.7"
      xmlns="http://www.loc.gov/mods/v3"
      xsi:schemaLocation="http://www.loc.gov/mods/v3 http://www.loc.gov/standards/mods/v3/mods-3-7.xsd">
   <titleInfo>
      <title>Influence of nanoclay on properties of HDPE/wood composites</title>
   </titleInfo>
   <name type="personal" usage="primary">
      <namePart type="given">Yong</namePart>
      <namePart type="family">Lei</namePart>
      <displayForm>Lei, Yong</displayForm>
      <role>
         <roleTerm type="text">author</roleTerm>
      </role>
   </name>
   <name type="personal">
      <namePart type="given">Qinglin</namePart>
      <namePart type="family">Wu</namePart>
      <displayForm>Wu, Qinglin</displayForm>
      <role>
         <roleTerm type="text">author</roleTerm>
      </role>
   </name>
   <name type="personal">
      <namePart type="given">Craig M.</namePart>
      <namePart type="family">Clemons</namePart>
      <displayForm>Clemons, Craig M.</displayForm>
      <affiliation>United States Department of Agriculture, Forest Service, Forest Products Laboratory, Engineered Composites Sciences, One Gifford Pinchot Drive, Madison, WI 53726</affiliation>
      <role>
         <roleTerm type="text">author</roleTerm>
      </role>
   </name>
   <name type="personal">
      <namePart type="given">Fei</namePart>
      <namePart type="family">Yao</namePart>
      <displayForm>Yao, Fei</displayForm>
      <role>
         <roleTerm type="text">author</roleTerm>
      </role>
   </name>
   <name type="personal">
      <namePart type="given">Yanjun</namePart>
      <namePart type="family">Xu</namePart>
      <displayForm>Xu, Yanjun</displayForm>
      <role>
         <roleTerm type="text">author</roleTerm>
      </role>
   </name>
   <typeOfResource>text</typeOfResource>
   <genre>article</genre>
   <note type="treesearch-status">Informally Refereed (Peer-Reviewed)</note>
   <language>
      <languageTerm type="code" authority="iso639-2b">eng</languageTerm>
      <languageTerm type="text">English</languageTerm>
   </language>
   <abstract>Composites based on high density polyethylene (HDPE), pine flour, and organic clay were made by melt compounding and then injection molding. The influence of clay on crystallization behavior, mechanical properties, water absorption, and thermal stability of HDPE/pine composites was investigated. The HDPE/pine composites containing exfoliated clay were made by a two-step melt compounding procedure with the aid of a maleated polyethylene (MAPE). The use of 2% clay decreased the crystallization temperature (Tc), crystallization rate, and the crystallinity level of the HDPE/pine composites, but did not change the crystalline thickness. When 2% MAPE was added, the crystallization rate increased, but the crystallinity level was further lowered. The flexural and tensile strength of HDPE/ pine composites increased about 20 and 24%, respectively, with addition of 1% clay, but then decreased slightly as the clay content increased to 3%. The tensile modulus and tensile elongation were also increased with the addition of 1% clay. The impact strength was lowered about 7% by 1% clay, but did not decrease further as more clay was added. The MAPE improved the state of dispersion in the composites. Moisture content and thickness swelling of the HDPE/pine composites was reduced by the clay, but the clay did not improve the composite thermal stability.</abstract>
   <subject>
      <topic>Injection molding of plastics</topic>
   </subject>
   <subject>
      <topic>elasticity</topic>
   </subject>
   <subject>
      <topic>wood flour</topic>
   </subject>
   <subject>
      <topic>clay</topic>
   </subject>
   <subject>
      <topic>crystallization</topic>
   </subject>
   <subject>
      <topic>polyethylene</topic>
   </subject>
   <subject>
      <topic>composite materials</topic>
   </subject>
   <subject>
      <topic>mechanical properties</topic>
   </subject>
   <subject>
      <topic>thermoplastic composites</topic>
   </subject>
   <subject>
      <topic>wood-plastic composites</topic>
   </subject>
   <subject>
      <topic>flexure</topic>
   </subject>
   <subject>
      <topic>pine</topic>
   </subject>
   <subject>
      <topic>thermal conductivity</topic>
   </subject>
   <subject>
      <topic>plastics</topic>
   </subject>
   <subject>
      <topic>extrusion</topic>
   </subject>
   <subject>
      <topic>moisture</topic>
   </subject>
   <subject>
      <topic>nanoclay</topic>
   </subject>
   <subject>
      <topic>swelling</topic>
   </subject>
   <subject>
      <topic>strength</topic>
   </subject>
   <subject>
      <topic>wood plastic materials</topic>
   </subject>
   <subject>
      <topic>HDPE</topic>
   </subject>
   <relatedItem type="host">
      <titleInfo>
         <title>Journal of applied polymer science</title>
      </titleInfo>
      <part>
         <extent unit="pages">
            <start>3958</start>
            <end>3966</end>
            <total>9</total>
         </extent>
      </part>
   </relatedItem>
   <identifier type="treesearch">3046</identifier>
   <identifier type="treesearch-pub">29237</identifier>
   <location>
      <url displayLabel="Direct access to publisher’s site">https://www.fs.usda.gov/treesearch/pubs/29237</url>
   </location>
   <location>
      <url displayLabel="Full Text in PDF">https://www.fpl.fs.fed.us/documnts/pdf2007/fpl_2007_lei002.pdf</url>
   </location>
   <accessCondition type="use and reproduction" displayLabel="Resource is Open Access">
      <program xmlns="https://data.crossref.org/schemas/AccessIndicators.xsd">
         <license_ref>http://purl.org/eprint/accessRights/OpenAccess</license_ref>
      </program>
   </accessCondition>
   <extension>
      <vendorName>United States. Forest service</vendorName>
      <originalFile>file:/C:/Users/carlos.martinez/Downloads/Chrome-downloads/json-to-mods_2xslt-master/workingDir-12-15-2021/A-29237.json</originalFile>
      <workingDirectory>C:/Users/carlos.martinez/Desktop/json-to-mods_2xslt/workingCopy/</workingDirectory>
      <xslt_document>file:/C:/Users/carlos.martinez/Downloads/Chrome-downloads/json-to-mods_2xslt-master/xslt_for_server.xsl</xslt_document>
   </extension>
</mods>
