
{
    "product_id": "3163",
    "ac22_approved_for_public": "1",
    "primary_station": "FPL",
    "historical_station": "OTHER",
    "entrystatus": "Published to Web",
    "product_type_id": "1",
    "product_type_desc": "Publication",
    "product_subtype_id": null,
    "product_subtype_desc": null,
    "referee_status_id": "2",
    "status_name": "Informally Refereed (Peer-Reviewed)",
    "pub_type_id": "53",
    "pub_type_desc": "Miscellaneous Publication",
    "title": "Determining moisture gradient profile using X-Ray technique",
    "product_year": " 2007",
    "abstract": "Moisture gradients in wood are known to affect the internal stresses that could cause dimensional changes and defects. Severe deformation of finished products has the potential to damage a manufacturer’s reputation and significantly increase the cost of manufacturing. An innovative approach to nondestructively examine the moisture gradients of different wood species using vertical density profiles from a commercial X-ray based density profiler was described and illustrated. The results indicate that the estimated moisture gradients by the X-ray technique matched well with the actual moisture gradients. It is expected that the new method will provide accurate and prompt information about moisture transfer/movement that will help optimize manufacturing processes.",
    "citation": "Cai, Zhiyong. 2007. Determining moisture gradient profile using X-Ray technique.  Proceedings of 15th International Symposium on Nondestructive Testing of Wood, Sept. 10-13, 2007, Duluth, MN.  [S.l. : s.n.], 2007.",
    "keywords": "Nondestructive, moisture gradient, wood composite, wood density, wood defects, drying, wood moisture, composite materials, moisture, x-rays, nondestructive testing, wood drying, moisture content, hygroscopicity",
    "doi": null,
    "url_binary_file": "https://www.fpl.fs.fed.us/documnts/pdf2007/fpl_2007_cai002.pdf",
    "binary_filesize": "252 KB",
    "url_landing_page": "https://www.fs.usda.gov/treesearch/pubs/29258",
    "treesearch_pub_id": "29258",
    "pub_parent_id": null,
    "pub_child_number": null,
    "pub_parent_ind": "0",
    "pub_publication": "Proceedings of 15th International Symposium on Nondestructive Testing of Wood, Sept. 10-13, 2007, Duluth, MN.  [S.l. : s.n.], 2007.",
    "proceedings_ind": "0",
    "pub_volume": null,
    "pub_issue": null,
    "pub_page": null,
    "pub_page_start": null,
    "pub_page_end": null,
    "pub_source": "T",
    "geographic_terms": null,
    "issn_id": null,
    "is_early_release": "0",
    "created_on": "08-JAN-2008 14:40:13",
    "modified_on": "08-JAN-2008 14:44:50",
    "send_to_reviewer_ind": "A",
    "publish_to_web_ind": "Y",
    "send_to_reviewer": null,
    "child_publications": "",
    "national_research_taxonomy_elements": "",
    "pub_authors": [
        {
            "name": "Cai, Zhiyong",
            "station_id": "FPL",
            "unit_id": "4706",
            "team_id": "",
            "alias": "zcai",
            "user_id": "174",
            "is_employee_active": "1",
            "is_researcher": "1",
            "author_order": "1"
        }
    ],
    "current_organizational_memberships": [
        {
            "name": "Cai, Zhiyong",
            "station_id": "FPL",
            "unit_id": "4706",
            "team_id": "",
            "alias": "zcai",
            "user_id": "174",
            "is_employee_active": "1",
            "is_researcher": "1",
            "author_order": "1"
        }
    ],
    "strategic_program_areas": "",
    "cris_projects": "",
    "experimental_forests": "",
    "eco_regions": "",
    "latlongs": "",
    "usnatforests": "",
    "countystates": ""
}