
{
    "product_id": "1642",
    "ac22_approved_for_public": "1",
    "primary_station": "FPL",
    "historical_station": "OTHER",
    "entrystatus": "Published to Web",
    "product_type_id": "1",
    "product_type_desc": "Publication",
    "product_subtype_id": null,
    "product_subtype_desc": null,
    "referee_status_id": "2",
    "status_name": "Informally Refereed (Peer-Reviewed)",
    "pub_type_id": "53",
    "pub_type_desc": "Miscellaneous Publication",
    "title": "Possible mechanism for anthraquinone species diffusion in alkaline pulping",
    "product_year": " 2007",
    "abstract": "An analysis of the effectiveness of anthraquinone (AQ) in kraft-AQ pulping in terms of its mechanism of transport has been conducted. Our previous work showed that caustic solutions of wood lignin can decrease the membrane exclusion for anthraquinones, i.e., the presence of wood lignin enhances the ability of AQ to pass through a membrane when a reducing agent is present in the acceptor stream. This work seeks to demonstrate that a similar behavior may occur during pulping. The adsorption behavior of AQ species was analyzed, and it was shown that anthraquinone-2-sulfonic acid (AQ-S), a water soluble derivative of AQ, selectively adsorbed on wood. The adsorption of AQ dispersed in a caustic lignin solution also showed selective adsorption on wood, to an even greater extent than the AQ-S. This adsorption behavior, along with the membrane penetration behavior described in our previous work, leads to a mechanism for the transport of AQ into wood chips during kraft pulping.",
    "citation": "Chai, X.-S.; Samp, J.; Hou, Q.X.; Yoon, S.-H; Zhu, J.Y. 2007. Possible mechanism for anthraquinone species diffusion in alkaline pulping.  Industrial and Engineering Chemistry Research. 46(15): 5245-5249.",
    "keywords": "Membranes, sulphate pulping process, anthraquinones, lignin, adsorption, pine, pulping, chips, maple, sulfonic acid, pulp and paper processes, AHQ, delignification",
    "doi": null,
    "url_binary_file": "https://www.fpl.fs.fed.us/documnts/pdf2007/fpl_2007_chai003.pdf",
    "binary_filesize": "154 KB",
    "url_landing_page": "https://www.fs.usda.gov/treesearch/pubs/29788",
    "treesearch_pub_id": "29788",
    "pub_parent_id": null,
    "pub_child_number": null,
    "pub_parent_ind": "0",
    "pub_publication": "Industrial &engineering chemistry research.  Vol. 46, no. 15 (2007): Pages 5245-5249",
    "proceedings_ind": "0",
    "pub_volume": null,
    "pub_issue": null,
    "pub_page": null,
    "pub_page_start": null,
    "pub_page_end": null,
    "pub_source": "T",
    "geographic_terms": null,
    "issn_id": null,
    "is_early_release": "0",
    "created_on": "16-APR-2008 10:44:18",
    "modified_on": "31-DEC-2008 00:00:00",
    "send_to_reviewer_ind": "A",
    "publish_to_web_ind": "Y",
    "send_to_reviewer": null,
    "child_publications": "",
    "national_research_taxonomy_elements": "",
    "pub_authors": [
        {
            "name": "Chai, X.-S.",
            "station_id": "",
            "unit_id": "",
            "team_id": "",
            "alias": "",
            "user_id": "",
            "is_employee_active": "0",
            "is_researcher": "0",
            "author_order": "1"
        },
        {
            "name": "Samp, J.",
            "station_id": "",
            "unit_id": "",
            "team_id": "",
            "alias": "",
            "user_id": "",
            "is_employee_active": "0",
            "is_researcher": "0",
            "author_order": "2"
        },
        {
            "name": "Hou, Q.X.",
            "station_id": "",
            "unit_id": "",
            "team_id": "",
            "alias": "",
            "user_id": "",
            "is_employee_active": "0",
            "is_researcher": "0",
            "author_order": "3"
        },
        {
            "name": "Yoon, S.-H",
            "station_id": "",
            "unit_id": "",
            "team_id": "",
            "alias": "",
            "user_id": "",
            "is_employee_active": "0",
            "is_researcher": "0",
            "author_order": "4"
        },
        {
            "name": "Zhu, J.Y.",
            "station_id": "",
            "unit_id": "",
            "team_id": "",
            "alias": "",
            "user_id": "",
            "is_employee_active": "0",
            "is_researcher": "0",
            "author_order": "5"
        }
    ],
    "current_organizational_memberships": [
        {
            "name": "Chai, X.-S.",
            "station_id": "",
            "unit_id": "",
            "team_id": "",
            "alias": "",
            "user_id": "",
            "is_employee_active": "0",
            "is_researcher": "0",
            "author_order": "1"
        },
        {
            "name": "Samp, J.",
            "station_id": "",
            "unit_id": "",
            "team_id": "",
            "alias": "",
            "user_id": "",
            "is_employee_active": "0",
            "is_researcher": "0",
            "author_order": "2"
        },
        {
            "name": "Hou, Q.X.",
            "station_id": "",
            "unit_id": "",
            "team_id": "",
            "alias": "",
            "user_id": "",
            "is_employee_active": "0",
            "is_researcher": "0",
            "author_order": "3"
        },
        {
            "name": "Yoon, S.-H",
            "station_id": "",
            "unit_id": "",
            "team_id": "",
            "alias": "",
            "user_id": "",
            "is_employee_active": "0",
            "is_researcher": "0",
            "author_order": "4"
        },
        {
            "name": "Zhu, J.Y.",
            "station_id": "",
            "unit_id": "",
            "team_id": "",
            "alias": "",
            "user_id": "",
            "is_employee_active": "0",
            "is_researcher": "0",
            "author_order": "5"
        }
    ],
    "strategic_program_areas": "",
    "cris_projects": "",
    "experimental_forests": "",
    "eco_regions": "",
    "latlongs": "",
    "usnatforests": "",
    "countystates": ""
}