
{
    "product_id": "3159",
    "ac22_approved_for_public": "1",
    "primary_station": "FPL",
    "historical_station": "OTHER",
    "entrystatus": "Published to Web",
    "product_type_id": "1",
    "product_type_desc": "Publication",
    "product_subtype_id": null,
    "product_subtype_desc": null,
    "referee_status_id": "2",
    "status_name": "Informally Refereed (Peer-Reviewed)",
    "pub_type_id": "53",
    "pub_type_desc": "Miscellaneous Publication",
    "title": "Why good ideas and good science do not always make it into the marketplace",
    "product_year": " 2007",
    "abstract": "Good ideas and good science are not sufficient in and of themselves for successful commercialization of new technology. Understanding the barriers to commercialization so that ways around, under, over, or through them can be found is also crucial to success. Barriers can include market needs, technology push versus market pull, availability of a window of opportunity, economics, and risk aversion. A good starting point is to understand how the technology will fit in with a potential customer’s operation. Pushing technology usually is not successful because of customer concerns about new products and processes; however, semitechnical education of the end user is an effective way to build market pull. Evaluating the economics of new technology is important not only to comprehend the potential of the new technology, but also to understand the most effective use of resources in the technology development. Risk aversion on the part of the customer often overrules the potential economic benefits of a new technology in the decision making process. To address these issues, many corporations have established stage-gate and portfolio-management processes. These concepts can be used effectively even without the establishment of a formal process. Both successful and unsuccessful new products and new processes are provided to illustrate these issues and the ways to solve them.",
    "citation": "Frihart, Charles R. 2007. Why good ideas and good science do not always make it into the marketplace.  Proceedings : International Conference on Transfer of Forest Science Knowledge and Technology.  Portland, Or. : U.S. Dept. of Agriculture, Forest Service, Pacific Northwest Research Station, 2007.  General technical report PNW ; GTR-726: pages 83-92.",
    "keywords": "Barriers, economics, risk aversion, technology push, market pull, stage-gate, risk assessment, technological innovations, economic aspects, forest products industry, technology transfer, economic forecasting, forecasting, consumption, marketing, forest products, market surveys, supply and demand",
    "doi": null,
    "url_binary_file": "https://www.fpl.fs.fed.us/documnts/pdf2007/fpl_2007_frihart004.pdf",
    "binary_filesize": "134 KB",
    "url_landing_page": "https://www.fs.usda.gov/treesearch/pubs/29257",
    "treesearch_pub_id": "29257",
    "pub_parent_id": null,
    "pub_child_number": null,
    "pub_parent_ind": "0",
    "pub_publication": "Proceedings : International Conference on Transfer of Forest Science Knowledge and Technology.  Portland, Or. : U.S. Dept. of Agriculture, Forest Service, Pacific Northwest Research Station, 2007.  General technical report PNW ; GTR-726: pages 83-92.",
    "proceedings_ind": "0",
    "pub_volume": null,
    "pub_issue": null,
    "pub_page": null,
    "pub_page_start": null,
    "pub_page_end": null,
    "pub_source": "T",
    "geographic_terms": null,
    "issn_id": null,
    "is_early_release": "0",
    "created_on": "08-JAN-2008 14:27:23",
    "modified_on": "08-JAN-2008 14:35:29",
    "send_to_reviewer_ind": "A",
    "publish_to_web_ind": "Y",
    "send_to_reviewer": null,
    "child_publications": "",
    "national_research_taxonomy_elements": "",
    "pub_authors": [
        {
            "name": "Frihart, Charles R.",
            "station_id": "FPL",
            "unit_id": "4707",
            "team_id": "",
            "alias": "cfrihart",
            "user_id": "104",
            "is_employee_active": "1",
            "is_researcher": "1",
            "author_order": "1"
        }
    ],
    "current_organizational_memberships": [
        {
            "name": "Frihart, Charles R.",
            "station_id": "FPL",
            "unit_id": "4707",
            "team_id": "",
            "alias": "cfrihart",
            "user_id": "104",
            "is_employee_active": "1",
            "is_researcher": "1",
            "author_order": "1"
        }
    ],
    "strategic_program_areas": "",
    "cris_projects": "",
    "experimental_forests": "",
    "eco_regions": "",
    "latlongs": "",
    "usnatforests": "",
    "countystates": ""
}