
{
    "product_id": "1667",
    "ac22_approved_for_public": "1",
    "primary_station": "FPL",
    "historical_station": "OTHER",
    "entrystatus": "Published to Web",
    "product_type_id": "1",
    "product_type_desc": "Publication",
    "product_subtype_id": null,
    "product_subtype_desc": null,
    "referee_status_id": "2",
    "status_name": "Informally Refereed (Peer-Reviewed)",
    "pub_type_id": "53",
    "pub_type_desc": "Miscellaneous Publication",
    "title": "Vision of the U.S. biofuel future: a case for hydrogen-enriched biomass gasification",
    "product_year": " 2007",
    "abstract": "Researchers at the Forest Product Laboratory (FPL) and the University of Wisconsin-Madison (UW) envision a future for biofuels based on biomass gasification with hydrogen enrichment. Synergisms between hydrogen production and biomass gasification technologies will be necessary to avoid being marginalized in the biofuel marketplace. Five feasible engineering solutions have been suggested for this synergism. We are researching one solution to investigate cleaner and more-efficient wood gasification via high-temperature liquid metal as a carrier fluid and making use of hydrogen, power, and waste heat from future nuclear reactors. The enrichment of syngas with nuclear, windmill, or solar hydrogen permits full conversion of all carbon from biomass to produce competitive synthetic gasoline, diesel, or other liquid hydrocarbon or alcohol fuels.",
    "citation": "Dietenberger, Mark A.; Anderson, Mark. 2007. Vision of the U.S. biofuel future: a case for hydrogen-enriched biomass gasification.  Industrial &Engineering Chemistry Research 46(26): 8863-8874.",
    "keywords": "Synthetic fuels, hydrogen as fuel, energy consumption, fuelwood, biomass gasification, biomass energy, wood waste as fuel, renewable energy sources, pyrolysis, alcohol, renewable energy resources, utilization, biomass fuel, wood as fuel",
    "doi": null,
    "url_binary_file": "https://www.fpl.fs.fed.us/documnts/pdf2007/fpl_2007_dietenberger001.pdf",
    "binary_filesize": "331.0 KB",
    "url_landing_page": "https://www.fs.usda.gov/treesearch/pubs/29790",
    "treesearch_pub_id": "29790",
    "pub_parent_id": null,
    "pub_child_number": null,
    "pub_parent_ind": "0",
    "pub_publication": "Industrial &engineering chemistry research.  Vol. 46, no. 26 (2007):  Pages: 8863-8874",
    "proceedings_ind": "0",
    "pub_volume": null,
    "pub_issue": null,
    "pub_page": null,
    "pub_page_start": null,
    "pub_page_end": null,
    "pub_source": "T",
    "geographic_terms": null,
    "issn_id": null,
    "is_early_release": "0",
    "created_on": "16-APR-2008 10:51:42",
    "modified_on": "30-JUL-2018 12:36:03",
    "send_to_reviewer_ind": "A",
    "publish_to_web_ind": "Y",
    "send_to_reviewer": null,
    "child_publications": "",
    "national_research_taxonomy_elements": [
        {
            "nrt_id": "10",
            "nrt_title": "Carbon"
        }
    ],
    "pub_authors": [
        {
            "name": "Dietenberger, Mark A.",
            "station_id": "FPL",
            "unit_id": "4716",
            "team_id": "",
            "alias": "mdietenberger",
            "user_id": "40",
            "is_employee_active": "1",
            "is_researcher": "1",
            "author_order": "1"
        },
        {
            "name": "Anderson, Mark",
            "station_id": "",
            "unit_id": "",
            "team_id": "",
            "alias": "",
            "user_id": "",
            "is_employee_active": "0",
            "is_researcher": "0",
            "author_order": "2"
        }
    ],
    "current_organizational_memberships": [
        {
            "name": "Dietenberger, Mark A.",
            "station_id": "FPL",
            "unit_id": "4716",
            "team_id": "",
            "alias": "mdietenberger",
            "user_id": "40",
            "is_employee_active": "1",
            "is_researcher": "1",
            "author_order": "1"
        },
        {
            "name": "Anderson, Mark",
            "station_id": "",
            "unit_id": "",
            "team_id": "",
            "alias": "",
            "user_id": "",
            "is_employee_active": "0",
            "is_researcher": "0",
            "author_order": "2"
        }
    ],
    "strategic_program_areas": "",
    "cris_projects": "",
    "experimental_forests": "",
    "eco_regions": "",
    "latlongs": "",
    "usnatforests": "",
    "countystates": ""
}