
{
    "product_id": "1451",
    "ac22_approved_for_public": "1",
    "primary_station": "FPL",
    "historical_station": "OTHER",
    "entrystatus": "Published to Web",
    "product_type_id": "1",
    "product_type_desc": "Publication",
    "product_subtype_id": null,
    "product_subtype_desc": null,
    "referee_status_id": "2",
    "status_name": "Informally Refereed (Peer-Reviewed)",
    "pub_type_id": "53",
    "pub_type_desc": "Miscellaneous Publication",
    "title": "Forest thinnings for integrated lumber and paper production",
    "product_year": " 2007",
    "abstract": "Integrated lumber and paper productions using forest thinning materials from U.S. national forests can significantly reduce the cost of prescriptive thinning operations. Many of the trees removed during forest thinnings are in small-diameter classes (diameter at breast height < 6 in) with suppressed growth. These trees produce low lumber yield but can produce quality thermomechanical pulps (TMPs) owing to uniformity of wood density and tracheid wall structure and a high mature wood fraction. This was demonstrated in commercial trials conducted at a lumber mill and a newsprint mill in the U.S. Pacific Northwest. Whole log and residual chips from forest thinnings produced at the lumber mill were combined with chips from normal pulping operations to produce newsprint. In all TMP trials, no significant change was found in correlations between the pulp long fraction and the pulp Canadian Standard Freeness.",
    "citation": "Zhu, J.Y.; Scott, C.T.; Gleisner, R.; Mann, D.; Vahey, D.W.; Dykstra, D.P.; Quinn, G.H.; Edwards, L.L. 2007. Forest thinnings for integrated lumber and paper production.  Forest products journal. Vol. 57, no. 11 (Nov. 2007) : p. 8-13",
    "keywords": "Forest thinning, Lumber, testing, pulping, wood density, tracheary cells, lodgepole pine, pulpwood, wood fibers, tracheids, small-diameter timber, small timbers, utilization, suppressed growth, thinnings, pulp and paper processes, thermomechanical pulping, smallwood",
    "doi": null,
    "url_binary_file": "https://www.fpl.fs.fed.us/documnts/pdf2007/fpl_2007_zhu003.pdf",
    "binary_filesize": "526 KB",
    "url_landing_page": "https://www.fs.usda.gov/treesearch/pubs/29760",
    "treesearch_pub_id": "29760",
    "pub_parent_id": null,
    "pub_child_number": null,
    "pub_parent_ind": "0",
    "pub_publication": "Forest products journal. Vol. 57, no. 11 (Nov. 2007): p. 8-13",
    "proceedings_ind": "0",
    "pub_volume": "57",
    "pub_issue": "11",
    "pub_page": "6",
    "pub_page_start": "8",
    "pub_page_end": "13",
    "pub_source": "T",
    "geographic_terms": null,
    "issn_id": null,
    "is_early_release": "0",
    "created_on": "14-APR-2008 09:43:42",
    "modified_on": "09-MAR-2011 13:51:33",
    "send_to_reviewer_ind": "A",
    "publish_to_web_ind": "Y",
    "send_to_reviewer": "09-MAR-2011 13:51:29",
    "child_publications": "",
    "national_research_taxonomy_elements": [
        {
            "nrt_id": "62",
            "nrt_title": "Timber"
        },
        {
            "nrt_id": "82",
            "nrt_title": "Pulp &paper"
        }
    ],
    "pub_authors": [
        {
            "name": "Zhu, J.Y.",
            "station_id": "FPL",
            "unit_id": "4706",
            "team_id": "",
            "alias": "jzhu",
            "user_id": "113",
            "is_employee_active": "1",
            "is_researcher": "1",
            "author_order": "1"
        },
        {
            "name": "Scott, C.T.",
            "station_id": "NRS",
            "unit_id": "",
            "team_id": "",
            "alias": "Scott",
            "user_id": "525",
            "is_employee_active": "0",
            "is_researcher": "1",
            "author_order": "2"
        },
        {
            "name": "Gleisner, R.",
            "station_id": "FPL",
            "unit_id": "4709",
            "team_id": "",
            "alias": "rgleisner",
            "user_id": "141",
            "is_employee_active": "1",
            "is_researcher": "0",
            "author_order": "3"
        },
        {
            "name": "Mann, D.",
            "station_id": "FPL",
            "unit_id": "4706",
            "team_id": "",
            "alias": "dhmann",
            "user_id": "22",
            "is_employee_active": "1",
            "is_researcher": "0",
            "author_order": "4"
        },
        {
            "name": "Vahey, D.W.",
            "station_id": "FPL",
            "unit_id": "4706",
            "team_id": "",
            "alias": "dvahey",
            "user_id": "180",
            "is_employee_active": "0",
            "is_researcher": "1",
            "author_order": "5"
        },
        {
            "name": "Dykstra, D.P.",
            "station_id": "PNW",
            "unit_id": "2665",
            "team_id": "",
            "alias": "ddykstra",
            "user_id": "1209",
            "is_employee_active": "0",
            "is_researcher": "0",
            "author_order": "6"
        },
        {
            "name": "Quinn, G.H.",
            "station_id": "",
            "unit_id": "",
            "team_id": "",
            "alias": "",
            "user_id": "",
            "is_employee_active": "0",
            "is_researcher": "0",
            "author_order": "7"
        },
        {
            "name": "Edwards, L.L.",
            "station_id": "",
            "unit_id": "",
            "team_id": "",
            "alias": "",
            "user_id": "",
            "is_employee_active": "0",
            "is_researcher": "0",
            "author_order": "8"
        }
    ],
    "current_organizational_memberships": [
        {
            "name": "Zhu, J.Y.",
            "station_id": "FPL",
            "unit_id": "4709",
            "team_id": "",
            "alias": "jzhu",
            "user_id": "113",
            "is_employee_active": "1",
            "is_researcher": "1",
            "author_order": "1"
        },
        {
            "name": "Scott, C.T.",
            "station_id": "NRS",
            "unit_id": "FIA",
            "team_id": "57",
            "alias": "Scott",
            "user_id": "525",
            "is_employee_active": "0",
            "is_researcher": "1",
            "author_order": "2"
        },
        {
            "name": "Gleisner, R.",
            "station_id": "FPL",
            "unit_id": "4709",
            "team_id": "",
            "alias": "rgleisner",
            "user_id": "141",
            "is_employee_active": "1",
            "is_researcher": "0",
            "author_order": "3"
        },
        {
            "name": "Mann, D.",
            "station_id": "FPL",
            "unit_id": "4709",
            "team_id": "",
            "alias": "dhmann",
            "user_id": "22",
            "is_employee_active": "1",
            "is_researcher": "0",
            "author_order": "4"
        },
        {
            "name": "Vahey, D.W.",
            "station_id": "FPL",
            "unit_id": "4709",
            "team_id": "",
            "alias": "dvahey",
            "user_id": "180",
            "is_employee_active": "0",
            "is_researcher": "1",
            "author_order": "5"
        },
        {
            "name": "Dykstra, D.P.",
            "station_id": "PNW",
            "unit_id": "2665",
            "team_id": "",
            "alias": "ddykstra",
            "user_id": "1209",
            "is_employee_active": "0",
            "is_researcher": "0",
            "author_order": "6"
        },
        {
            "name": "Quinn, G.H.",
            "station_id": "",
            "unit_id": "",
            "team_id": "",
            "alias": "",
            "user_id": "",
            "is_employee_active": "0",
            "is_researcher": "0",
            "author_order": "7"
        },
        {
            "name": "Edwards, L.L.",
            "station_id": "",
            "unit_id": "",
            "team_id": "",
            "alias": "",
            "user_id": "",
            "is_employee_active": "0",
            "is_researcher": "0",
            "author_order": "8"
        }
    ],
    "strategic_program_areas": "",
    "cris_projects": "",
    "experimental_forests": "",
    "eco_regions": "",
    "latlongs": "",
    "usnatforests": "",
    "countystates": ""
}