
{
    "product_id": "1543",
    "ac22_approved_for_public": "1",
    "primary_station": "SRS",
    "historical_station": "OTHER",
    "entrystatus": "Published to Web",
    "product_type_id": "1",
    "product_type_desc": "Publication",
    "product_subtype_id": null,
    "product_subtype_desc": null,
    "referee_status_id": "2",
    "status_name": "Informally Refereed (Peer-Reviewed)",
    "pub_type_id": "1",
    "pub_type_desc": "Scientific Journal (JRNL)",
    "title": "Infrared spectroscopic monitoring of urea addition to oriented strandboard resins",
    "product_year": " 2007",
    "abstract": "One of the variables in phenol formaldehyde adhesive resin formulation is the addition of urea, which allows the resin manufacturer to manipulate both product functionality and cost. Nitrogen content can be used as a measure of the level of urea addition because most of the nitrogen present is derived from urea added at the end of the preparation process. Nitrogen analyses of a set of commercial oriented strandboard resins were first determined by combustion analysis. IR spectroscopic data were then collected and used along with the values for nitrogen content to generate predictive models. First, principal component analysis demonstrated the ability to separate resin mixtures from low to high nitrogen content. Partial least squares regression was then performed and gave excellent correlations between the measured and predicted nitrogen contents for a set of unrelated (test) resins and a set of mixtures prepared through combinations of resins with known nitrogen contents. Similar results were obtained on both a wet and dry mass basis. Given the flexibility of this instrumentation, such analyses could be placed in-line for real time monitoring of resin applied during panel manufacturing",
    "citation": "So, Chi-Leung; Eberhardt, Thomas L.; Hsu, Ernest; Via, Brian K.; Hse, Chung Y. 2007. Infrared spectroscopic monitoring of urea addition to oriented strandboard resins.  Journal of Applied Polymer Science, Vol. 105: 733-738",
    "keywords": "infrared spectroscopy, adhesives, oriented strandboard, phenol formaldehyde, resins, urea",
    "doi": null,
    "url_binary_file": "https://www.srs.fs.usda.gov/pubs/ja/ja_so006.pdf",
    "binary_filesize": "1.0 MB",
    "url_landing_page": "https://www.fs.usda.gov/treesearch/pubs/29105",
    "treesearch_pub_id": "29105",
    "pub_parent_id": null,
    "pub_child_number": null,
    "pub_parent_ind": "0",
    "pub_publication": "Journal of Applied Polymer Science, Vol. 105: 733-738",
    "proceedings_ind": "0",
    "pub_volume": null,
    "pub_issue": null,
    "pub_page": null,
    "pub_page_start": null,
    "pub_page_end": null,
    "pub_source": "T",
    "geographic_terms": null,
    "issn_id": null,
    "is_early_release": "0",
    "created_on": "05-DEC-2007 15:31:51",
    "modified_on": "10-DEC-2007 10:03:27",
    "send_to_reviewer_ind": "A",
    "publish_to_web_ind": "Y",
    "send_to_reviewer": null,
    "child_publications": "",
    "national_research_taxonomy_elements": "",
    "pub_authors": [
        {
            "name": "So, Chi-Leung",
            "station_id": "",
            "unit_id": "",
            "team_id": "",
            "alias": "",
            "user_id": "",
            "is_employee_active": "0",
            "is_researcher": "0",
            "author_order": "1"
        },
        {
            "name": "Eberhardt, Thomas L.",
            "station_id": "SRS",
            "unit_id": "4704",
            "team_id": "",
            "alias": "teberhardt",
            "user_id": "2723",
            "is_employee_active": "1",
            "is_researcher": "1",
            "author_order": "2"
        },
        {
            "name": "Hsu, Ernest",
            "station_id": "",
            "unit_id": "",
            "team_id": "",
            "alias": "",
            "user_id": "",
            "is_employee_active": "0",
            "is_researcher": "0",
            "author_order": "3"
        },
        {
            "name": "Via, Brian K.",
            "station_id": "",
            "unit_id": "",
            "team_id": "",
            "alias": "",
            "user_id": "",
            "is_employee_active": "0",
            "is_researcher": "0",
            "author_order": "4"
        },
        {
            "name": "Hse, Chung Y.",
            "station_id": "SRS",
            "unit_id": "4704",
            "team_id": "",
            "alias": "chse",
            "user_id": "2552",
            "is_employee_active": "1",
            "is_researcher": "1",
            "author_order": "5"
        }
    ],
    "current_organizational_memberships": [
        {
            "name": "So, Chi-Leung",
            "station_id": "",
            "unit_id": "",
            "team_id": "",
            "alias": "",
            "user_id": "",
            "is_employee_active": "0",
            "is_researcher": "0",
            "author_order": "1"
        },
        {
            "name": "Eberhardt, Thomas L.",
            "station_id": "FPL",
            "unit_id": "4715",
            "team_id": "",
            "alias": "teberhardt",
            "user_id": "2723",
            "is_employee_active": "1",
            "is_researcher": "1",
            "author_order": "2"
        },
        {
            "name": "Hsu, Ernest",
            "station_id": "",
            "unit_id": "",
            "team_id": "",
            "alias": "",
            "user_id": "",
            "is_employee_active": "0",
            "is_researcher": "0",
            "author_order": "3"
        },
        {
            "name": "Via, Brian K.",
            "station_id": "",
            "unit_id": "",
            "team_id": "",
            "alias": "",
            "user_id": "",
            "is_employee_active": "0",
            "is_researcher": "0",
            "author_order": "4"
        },
        {
            "name": "Hse, Chung Y.",
            "station_id": "SRS",
            "unit_id": "4704",
            "team_id": "",
            "alias": "chse",
            "user_id": "2552",
            "is_employee_active": "1",
            "is_researcher": "1",
            "author_order": "5"
        }
    ],
    "strategic_program_areas": "",
    "cris_projects": "",
    "experimental_forests": "",
    "eco_regions": "",
    "latlongs": "",
    "usnatforests": "",
    "countystates": ""
}