
{
    "product_id": "602",
    "ac22_approved_for_public": "1",
    "primary_station": "FPL",
    "historical_station": "FPL",
    "entrystatus": "Published to Web",
    "product_type_id": "1",
    "product_type_desc": "Publication",
    "product_subtype_id": null,
    "product_subtype_desc": null,
    "referee_status_id": "2",
    "status_name": "Informally Refereed (Peer-Reviewed)",
    "pub_type_id": "8",
    "pub_type_desc": "Research Note (RN)",
    "title": "Long-term effects of elevated carbon dioxide concentration on sour orange wood specific gravity, modulus of elasticity, and microfibril angle",
    "product_year": " 2007",
    "abstract": "The carbon dioxide (CO2) concentration of Earth’s atmosphere continues to rise. Plants in general are responsive to changing CO2 concentrations, which suggests changes in agricultural productivity in the United States and around the world. The ability of plants to absorb CO2 during photosynthesis and then store carbon in their structure or sequester it in the soil has potential for mitigating the rate of rise of atmospheric CO2 concentration. Since 1987, Bruce Kimball and coworkers at the USDA Agricultural Research Service in Phoenix, Arizona, have maintained a greenhouse gas experiment using sour orange trees maintained in a CO2-enriched environment. These trees were harvested in 2005. During the final massive harvest, many different properties and characteristics of the woody biomass for these sour orange trees were studied. This report focuses only on the mechanical property evaluation of modulus of elasticity (MOE), specific gravity, and microfibril angle. In this study of CO2-exposed sour orange trees, CO2 did not significantly affect specific gravity of sour orange trees. Exposure to CO2 did not significantly affect MOE of sour orange trees. Exposure to CO2 did, however, seem to influence microfibril angle development. Minor interactions between CO2 and cardinal direction affected the MOE and were caused by experimental difference in chamber construction.",
    "citation": "Kretschmann, David; Evans, James; Wiemann, Mike, Rudie, Alan; Kimball, Bruce A.; Idso, Sherwood B. 2007. Long-term effects of elevated carbon dioxide concentration on sour orange wood specific gravity, modulus of elasticity, and microfibril angle.  Research Note FPL-RN-0307. Madison, WI: U.S. Department of Agriculture, Forest Service, Forest Products Laboratory. 9 pages.",
    "keywords": "Elevated CO2 exposure, sour orange, properties, MOE, fibril angle, specific gravity",
    "doi": "10.2737/FPL-RN-307",
    "url_binary_file": "https://www.fpl.fs.fed.us/documnts/fplrn/fpl_rn307.pdf",
    "binary_filesize": "1.4 MB",
    "url_landing_page": "https://www.fs.usda.gov/treesearch/pubs/28978",
    "treesearch_pub_id": "28978",
    "pub_parent_id": null,
    "pub_child_number": null,
    "pub_parent_ind": "0",
    "pub_publication": "Research Note FPL-RN-0307. Madison, WI: U.S. Department of Agriculture, Forest Service, Forest Products Laboratory. 9 pages.",
    "proceedings_ind": "0",
    "pub_volume": "307",
    "pub_issue": null,
    "pub_page": null,
    "pub_page_start": null,
    "pub_page_end": null,
    "pub_source": "T",
    "geographic_terms": null,
    "issn_id": null,
    "is_early_release": "0",
    "created_on": "08-NOV-2007 16:37:39",
    "modified_on": "08-NOV-2007 16:40:59",
    "send_to_reviewer_ind": "A",
    "publish_to_web_ind": "Y",
    "send_to_reviewer": null,
    "child_publications": "",
    "national_research_taxonomy_elements": "",
    "pub_authors": [
        {
            "name": "Kretschmann, David",
            "station_id": "FPL",
            "unit_id": "4714",
            "team_id": "",
            "alias": "dkretschmann",
            "user_id": "97",
            "is_employee_active": "0",
            "is_researcher": "1",
            "author_order": "1"
        },
        {
            "name": "Evans, James",
            "station_id": "FPL",
            "unit_id": "4851",
            "team_id": "",
            "alias": "jwevans",
            "user_id": "84",
            "is_employee_active": "0",
            "is_researcher": "1",
            "author_order": "2"
        },
        {
            "name": "Wiemann, Mike Rudie",
            "station_id": "",
            "unit_id": "",
            "team_id": "",
            "alias": "",
            "user_id": "",
            "is_employee_active": "0",
            "is_researcher": "0",
            "author_order": "3"
        },
        {
            "name": "Kimball, Bruce A.",
            "station_id": "",
            "unit_id": "",
            "team_id": "",
            "alias": "",
            "user_id": "",
            "is_employee_active": "0",
            "is_researcher": "0",
            "author_order": "4"
        },
        {
            "name": "Idso, Sherwood B.",
            "station_id": "",
            "unit_id": "",
            "team_id": "",
            "alias": "",
            "user_id": "",
            "is_employee_active": "0",
            "is_researcher": "0",
            "author_order": "5"
        }
    ],
    "current_organizational_memberships": [
        {
            "name": "Kretschmann, David",
            "station_id": "FPL",
            "unit_id": "4714",
            "team_id": "",
            "alias": "dkretschmann",
            "user_id": "97",
            "is_employee_active": "0",
            "is_researcher": "1",
            "author_order": "1"
        },
        {
            "name": "Evans, James",
            "station_id": "FPL",
            "unit_id": "4851",
            "team_id": "",
            "alias": "jwevans",
            "user_id": "84",
            "is_employee_active": "0",
            "is_researcher": "1",
            "author_order": "2"
        },
        {
            "name": "Wiemann, Mike Rudie",
            "station_id": "",
            "unit_id": "",
            "team_id": "",
            "alias": "",
            "user_id": "",
            "is_employee_active": "0",
            "is_researcher": "0",
            "author_order": "3"
        },
        {
            "name": "Kimball, Bruce A.",
            "station_id": "",
            "unit_id": "",
            "team_id": "",
            "alias": "",
            "user_id": "",
            "is_employee_active": "0",
            "is_researcher": "0",
            "author_order": "4"
        },
        {
            "name": "Idso, Sherwood B.",
            "station_id": "",
            "unit_id": "",
            "team_id": "",
            "alias": "",
            "user_id": "",
            "is_employee_active": "0",
            "is_researcher": "0",
            "author_order": "5"
        }
    ],
    "strategic_program_areas": "",
    "cris_projects": "",
    "experimental_forests": "",
    "eco_regions": "",
    "latlongs": "",
    "usnatforests": "",
    "countystates": ""
}