<?xml version="1.0" encoding="UTF-8"?>
<mods xmlns:xlink="http://www.w3.org/1999/xlink"
      xmlns:xsi="http://www.w3.org/2001/XMLSchema-instance"
      version="3.7"
      xmlns="http://www.loc.gov/mods/v3"
      xsi:schemaLocation="http://www.loc.gov/mods/v3 http://www.loc.gov/standards/mods/v3/mods-3-7.xsd">
   <titleInfo>
      <title>Guide to the siricid woodwasps of North America</title>
   </titleInfo>
   <name type="personal" usage="primary">
      <namePart type="given">Nathan M.</namePart>
      <namePart type="family">Schiff</namePart>
      <displayForm>Schiff, Nathan M.</displayForm>
      <affiliation>United States Department of Agriculture, Forest Service, Southern Research Station, Center for Bottomland Hardwoods Research , 200 W.T. Weaver Blvd. Asheville, NC 28804-3454</affiliation>
      <role>
         <roleTerm type="text">author</roleTerm>
      </role>
   </name>
   <name type="personal">
      <namePart type="given">Steven A.</namePart>
      <namePart type="family">Valley</namePart>
      <displayForm>Valley, Steven A.</displayForm>
      <role>
         <roleTerm type="text">author</roleTerm>
      </role>
   </name>
   <name type="personal">
      <namePart type="given">James R.</namePart>
      <namePart type="family">LaBonte</namePart>
      <displayForm>LaBonte, James R.</displayForm>
      <role>
         <roleTerm type="text">author</roleTerm>
      </role>
   </name>
   <name type="personal">
      <namePart type="given">David R.</namePart>
      <namePart type="family">Smith</namePart>
      <displayForm>Smith, David R.</displayForm>
      <affiliation>United States Department of Agriculture, Forest Service, Forest Products Laboratory, National Forest Service Library, One Gifford Pinchot Drive, Madison, WI 53726</affiliation>
      <role>
         <roleTerm type="text">author</roleTerm>
      </role>
   </name>
   <typeOfResource>text</typeOfResource>
   <genre>article</genre>
   <originInfo>
      <dateIssued encoding="w3cdtf" keyDate="yes">2008-01-07</dateIssued>
   </originInfo>
   <note type="treesearch-status">Informally Refereed (Peer-Reviewed)</note>
   <language>
      <languageTerm type="code" authority="iso639-2b">eng</languageTerm>
      <languageTerm type="text">English</languageTerm>
   </language>
   <abstract>The Siricidae are a family of large, colorful, stingless wasps whose larvae bore into wood. They are members of the suborder Symphyta (sawflies, and horntails or woodwasps) of the insect order Hymenoptera (ants, wasps, and bees), and are characterized by having a broad waist and an ovipositor modified to insert eggs into wood.</abstract>
   <relatedItem type="host">
      <titleInfo>
         <title>Forest Service, Forest Health Technology Enterprise Team</title>
      </titleInfo>
      <part>
         <text type="year">2008</text>
         <text type="month">01</text>
         <text type="day">07</text>
         <extent unit="pages"><!--test 3a: citation field, 1st iteration-->
            <total>102</total>
            <!--test 3.a.i: citation-field, analyzed-string, regex-group(4)-->
         </extent>
      </part>
   </relatedItem>
   <identifier type="treesearch">2855</identifier>
   <identifier type="treesearch-pub">29220</identifier>
   <location>
      <url access="object in context">https://www.fs.usda.gov/treesearch/pubs/29220</url>
   </location>
   <location>
      <url access="raw object">https://www.srs.fs.usda.gov/pubs/ja/ja_schiff004.pdf</url>
   </location>
   <extension>
      <vendorName/>
      <archiveFile/>
      <originalFile>file:/C:/Users/carlos.martinez/Desktop/json-to-mods_2xslt/json-to-mods_11-16-2021_792c08c/A-29220.json</originalFile>
      <workingDirectory/>
      <!--values of new global variables-->
      <xslt_document>file:/C:/Users/carlos.martinez/Desktop/json-to-mods_2xslt/json-to-mods_12-02-2021_from_11-16-2021.xsl</xslt_document>
      <archive_file>A-29220.json</archive_file>
      <original_file>A-29220</original_file>
      <working_directory>file:/C:/Users/carlos.martinez/Desktop/json-to-mods_2xslt/json-to-mods_11-16-2021_792c08c/</working_directory>
   </extension>
</mods>
