<?xml version="1.0" encoding="UTF-8"?>
<mods xmlns:xlink="http://www.w3.org/1999/xlink"
      xmlns:xsi="http://www.w3.org/2001/XMLSchema-instance"
      version="3.7"
      xmlns="http://www.loc.gov/mods/v3"
      xsi:schemaLocation="http://www.loc.gov/mods/v3 http://www.loc.gov/standards/mods/v3/mods-3-7.xsd">
   <titleInfo>
      <title>The effect of indoor humidity on water vapor release in homes</title>
   </titleInfo>
   <name type="personal" usage="primary">
      <namePart type="given">Anton</namePart>
      <namePart type="family">TenWolde</namePart>
      <displayForm>TenWolde, Anton</displayForm>
      <role>
         <roleTerm type="text">author</roleTerm>
      </role>
   </name>
   <name type="personal">
      <namePart type="given">Crystal L.</namePart>
      <namePart type="family">Pilon</namePart>
      <displayForm>Pilon, Crystal L.</displayForm>
      <role>
         <roleTerm type="text">author</roleTerm>
      </role>
   </name>
   <typeOfResource>text</typeOfResource>
   <genre>article</genre>
   <originInfo>
      <dateIssued encoding="w3cdtf" keyDate="yes">2008-11-19</dateIssued>
   </originInfo>
   <note type="treesearch-status">Informally Refereed (Peer-Reviewed)</note>
   <language>
      <languageTerm type="code" authority="iso639-2b">eng</languageTerm>
      <languageTerm type="text">English</languageTerm>
   </language>
   <relatedItem type="host">
      <titleInfo>
         <title/>
      </titleInfo>
      <part>
         <text type="year">2008</text>
         <text type="month">11</text>
         <text type="day">19</text>
         <extent unit="pages"><!--test 3a: citation field, 1st iteration-->
            <total>9</total>
            <!--test 3.a.i: citation-field, analyzed-string, regex-group(4)-->
         </extent>
      </part>
   </relatedItem>
   <identifier type="treesearch">1584</identifier>
   <identifier type="treesearch-pub">29768</identifier>
   <location>
      <url access="object in context">https://www.fs.usda.gov/treesearch/pubs/29768</url>
   </location>
   <location>
      <url access="raw object">https://www.fpl.fs.fed.us/documnts/pdf2007/fpl_2007_tenwolde001.pdf</url>
   </location>
   <extension>
      <vendorName/>
      <archiveFile/>
      <originalFile>file:/C:/Users/carlos.martinez/Desktop/json-to-mods_2xslt/json-to-mods_11-16-2021_792c08c/A-29768.json</originalFile>
      <workingDirectory/>
      <!--values of new global variables-->
      <xslt_document>file:/C:/Users/carlos.martinez/Desktop/json-to-mods_2xslt/json-to-mods_12-02-2021_from_11-16-2021.xsl</xslt_document>
      <archive_file>A-29768.json</archive_file>
      <original_file>A-29768</original_file>
      <working_directory>file:/C:/Users/carlos.martinez/Desktop/json-to-mods_2xslt/json-to-mods_11-16-2021_792c08c/</working_directory>
   </extension>
</mods>
