<?xml version="1.0" encoding="UTF-8"?>
<mods xmlns:xlink="http://www.w3.org/1999/xlink"
      xmlns:xsi="http://www.w3.org/2001/XMLSchema-instance"
      version="3.7"
      xmlns="http://www.loc.gov/mods/v3"
      xsi:schemaLocation="http://www.loc.gov/mods/v3 http://www.loc.gov/standards/mods/v3/mods-3-7.xsd">
   <titleInfo>
      <title>Analysis of three-year Wisconsin temperature histories for roof systems using wood, wood-thermoplastic composite, and fiberglass shingles</title>
   </titleInfo>
   <name type="personal" usage="primary">
      <namePart type="given">Jerrold E.</namePart>
      <namePart type="family">Winandy</namePart>
      <displayForm>Winandy, Jerrold E.</displayForm>
      <affiliation>United States Department of Agriculture, Forest Service, Forest Products Laboratory, Engineered Composites Sciences, One Gifford Pinchot Drive, Madison, WI 53726</affiliation>
      <role>
         <roleTerm type="text">author</roleTerm>
      </role>
   </name>
   <name type="personal">
      <namePart type="given">Cherilyn A.</namePart>
      <namePart type="family">Hatfield</namePart>
      <displayForm>Hatfield, Cherilyn A.</displayForm>
      <affiliation>United States Department of Agriculture, Forest Service, Forest Products Laboratory, Economics, Statistics and Life Cycle Analysis Research, One Gifford Pinchot Drive, Madison, WI 53726</affiliation>
      <role>
         <roleTerm type="text">author</roleTerm>
      </role>
   </name>
   <typeOfResource>text</typeOfResource>
   <genre>article</genre>
   <originInfo>
      <dateIssued encoding="w3cdtf" keyDate="yes">2008-01-08</dateIssued>
   </originInfo>
   <note type="treesearch-status">Informally Refereed (Peer-Reviewed)</note>
   <language>
      <languageTerm type="code" authority="iso639-2b">eng</languageTerm>
      <languageTerm type="text">English</languageTerm>
   </language>
   <abstract>Temperature histories for various types of roof shingles, wood roof sheathing, rafters, and nonventilated attics were monitored in outdoor attic structures using simulated North American light-framed construction. In this paper, 3-year thermal load histories for wood-based composite roof sheathing, wood rafters, and attics under western redcedar (WRC) shingles, wood-thermoplastic composite (WTPC) shingles, and black and white fiberglass shingles are reported and analyzed. The maximum hourly-average temperatures experienced were 70.7 °C and 61.8 °C for black and white fiberglass shingles, respectively; 48.2 °C for WRC shingles; and 45.7 °C and 46.3 °C for WTPC shingles applied over lath or directly over felt, respectively. On hot summer days, black fiberglass shingles were commonly found to be almost 10 °C hotter than white fiberglass shingles and more than 20 °C hotter than WRC or WTPC shingles. Other components in the roof assemblies and the attic air temperatures followed similar trends. The implications of these thermal loads under different types of roof shingles on comparative service-life for the shingles and the various wood components in the roof systems are discussed.</abstract>
   <subject>
      <topic>Thermal stresses</topic>
   </subject>
   <subject>
      <topic>western redcedar</topic>
   </subject>
   <subject>
      <topic>thermal fatigue</topic>
   </subject>
   <subject>
      <topic>glass fibers</topic>
   </subject>
   <subject>
      <topic>wood-plastic composites</topic>
   </subject>
   <subject>
      <topic>composite materials</topic>
   </subject>
   <subject>
      <topic>thermal properties</topic>
   </subject>
   <subject>
      <topic>thermoplastic composites</topic>
   </subject>
   <subject>
      <topic>weathering</topic>
   </subject>
   <subject>
      <topic>building materials</topic>
   </subject>
   <subject>
      <topic>service life</topic>
   </subject>
   <subject>
      <topic>roofing</topic>
   </subject>
   <subject>
      <topic>sheathing</topic>
   </subject>
   <subject>
      <topic>shingles</topic>
   </subject>
   <subject>
      <topic>temperature</topic>
   </subject>
   <subject>
      <topic>roofs</topic>
   </subject>
   <subject>
      <topic>testing</topic>
   </subject>
   <subject>
      <topic>attics</topic>
   </subject>
   <subject>
      <topic>thermal load</topic>
   </subject>
   <subject>
      <topic>wood plastic materials</topic>
   </subject>
   <subject>
      <topic>durability</topic>
   </subject>
   <subject>
      <topic>sheathing</topic>
   </subject>
   <relatedItem type="host">
      <titleInfo>
         <title>Forest products journal</title>
      </titleInfo>
      <part>
         <text type="year">2008</text>
         <text type="month">01</text>
         <text type="day">08</text>
         <extent unit="pages"><!--test 3a: citation field, 1st iteration-->
            <start>87</start>
            <end>96</end>
            <total>10</total>
            <!--test 3.a.iii: citation-field, analyzed-string, regex-group(3)-->
         </extent>
      </part>
   </relatedItem>
   <identifier type="treesearch">3032</identifier>
   <identifier type="treesearch-pub">29234</identifier>
   <location>
      <url access="object in context">https://www.fs.usda.gov/treesearch/pubs/29234</url>
   </location>
   <location>
      <url access="raw object">https://www.fpl.fs.fed.us/documnts/pdf2007/fpl_2007_winandy004.pdf</url>
   </location>
   <extension>
      <vendorName/>
      <archiveFile/>
      <originalFile>file:/C:/Users/carlos.martinez/Desktop/json-to-mods_2xslt/json-to-mods_11-16-2021_792c08c/A-29234.json</originalFile>
      <workingDirectory/>
      <!--values of new global variables-->
      <xslt_document>file:/C:/Users/carlos.martinez/Desktop/json-to-mods_2xslt/json-to-mods_12-02-2021_from_11-16-2021.xsl</xslt_document>
      <archive_file>A-29234.json</archive_file>
      <original_file>A-29234</original_file>
      <working_directory>file:/C:/Users/carlos.martinez/Desktop/json-to-mods_2xslt/json-to-mods_11-16-2021_792c08c/</working_directory>
   </extension>
</mods>
