<?xml version="1.0" encoding="UTF-8"?>
<mods xmlns:xlink="http://www.w3.org/1999/xlink"
      xmlns:xsi="http://www.w3.org/2001/XMLSchema-instance"
      version="3.7"
      xmlns="http://www.loc.gov/mods/v3"
      xsi:schemaLocation="http://www.loc.gov/mods/v3 http://www.loc.gov/standards/mods/v3/mods-3-7.xsd">
   <titleInfo>
      <title>Phosphate removal by refined aspen wood fiber treated with carboxymethyl cellulose and ferrous chloride</title>
   </titleInfo>
   <name type="personal" usage="primary">
      <namePart type="given">Thomas L.</namePart>
      <namePart type="family">Eberhardt</namePart>
      <displayForm>Eberhardt, Thomas L.</displayForm>
      <affiliation>United States Department of Agriculture, Forest Service, Southern Research Station, Utilization of Southern Forest Resources , 200 W.T. Weaver Blvd. Asheville, NC 28804-3454</affiliation>
      <role>
         <roleTerm type="text">author</roleTerm>
      </role>
   </name>
   <name type="personal">
      <namePart type="given">Soo-Hong</namePart>
      <namePart type="family">Min</namePart>
      <displayForm>Min, Soo-Hong</displayForm>
      <role>
         <roleTerm type="text">author</roleTerm>
      </role>
   </name>
   <name type="personal">
      <namePart type="given">James S.</namePart>
      <namePart type="family">Han</namePart>
      <displayForm>Han, James S.</displayForm>
      <role>
         <roleTerm type="text">author</roleTerm>
      </role>
   </name>
   <typeOfResource>text</typeOfResource>
   <genre>article</genre>
   <originInfo>
      <dateIssued encoding="w3cdtf" keyDate="yes">2007-12-04</dateIssued>
   </originInfo>
   <note type="treesearch-status">Informally Refereed (Peer-Reviewed)</note>
   <language>
      <languageTerm type="code" authority="iso639-2b">eng</languageTerm>
      <languageTerm type="text">English</languageTerm>
   </language>
   <abstract>Biomass-based filtration media are of interest as an economical means to remove pollutants and nutrients found in stormwater runoff. Refined aspen wood fiber samples treated with iron salt solutions demonstrated limited capacities to remove (ortho)phosphate from test solutions. To provide additional sites for iron complex formation, and thereby impart a greater capacity for phosphate removal, a fiber pretreatment with an aqueous solution of a non-toxic anionic polymer, carboxymethyl cellulose (CMC), was evaluated. Problems with excessive viscosities during the screening of commercially available CMC products led to the selection of an ultra low viscosity CMC product that was still usable at a 4% concentration in water. Soxhlet extractions of chipped aspen wood and refined aspen wood fiber samples showed a higher extractives content for the refined material. Analysis of these extracts by FTIR spectroscopy suggested that the higher extractives content for the refined material resulted from the fragmentation of cell wall polymers (e.g., lignin, hemicelluloses) normally insoluble in their native states. Spectroscopic analysis of CMC and ferrous chloride treated fibers showed that the complex formed was sufficiently stable to resist removal during subsequent water washes. Equilibrium sorption data, which fit better with a Freundlich isotherm model than a Langrnuir isotherm model, showed that phosphate removal could be enhanced by the CMC pretreatment. Results suggest that the process outlined may provide a facile means to improve the phosphate removal capacity of biomass-based stormwater filtration media.</abstract>
   <subject>
      <topic>aspen wood</topic>
   </subject>
   <subject>
      <topic>carboxymethyl cellulose</topic>
   </subject>
   <subject>
      <topic>filtration</topic>
   </subject>
   <subject>
      <topic>iron</topic>
   </subject>
   <subject>
      <topic>phosphate</topic>
   </subject>
   <subject>
      <topic>stormwater</topic>
   </subject>
   <relatedItem type="host">
      <titleInfo>
         <title>Bioresource Technology, Vol</title>
      </titleInfo>
      <part>
         <text type="year">2007</text>
         <text type="month">12</text>
         <text type="day">04</text>
         <extent unit="pages"><!--test 3a: citation field, 1st iteration--></extent>
      </part>
   </relatedItem>
   <identifier type="treesearch">1348</identifier>
   <identifier type="treesearch-pub">29088</identifier>
   <location>
      <url access="object in context">https://www.fs.usda.gov/treesearch/pubs/29088</url>
   </location>
   <location>
      <url access="raw object">https://www.srs.fs.usda.gov/pubs/ja/ja_eberhardt006.pdf</url>
   </location>
   <extension>
      <vendorName/>
      <archiveFile/>
      <originalFile>file:/C:/Users/carlos.martinez/Desktop/json-to-mods_2xslt/json-to-mods_11-16-2021_792c08c/A-29088.json</originalFile>
      <workingDirectory/>
      <!--values of new global variables-->
      <xslt_document>file:/C:/Users/carlos.martinez/Desktop/json-to-mods_2xslt/json-to-mods_12-02-2021_from_11-16-2021.xsl</xslt_document>
      <archive_file>A-29088.json</archive_file>
      <original_file>A-29088</original_file>
      <working_directory>file:/C:/Users/carlos.martinez/Desktop/json-to-mods_2xslt/json-to-mods_11-16-2021_792c08c/</working_directory>
   </extension>
</mods>
