<?xml version="1.0" encoding="UTF-8"?>
<mods xmlns:xlink="http://www.w3.org/1999/xlink"
      xmlns:xsi="http://www.w3.org/2001/XMLSchema-instance"
      version="3.7"
      xmlns="http://www.loc.gov/mods/v3"
      xsi:schemaLocation="http://www.loc.gov/mods/v3 http://www.loc.gov/standards/mods/v3/mods-3-7.xsd">
   <titleInfo>
      <title>Characterization of weathered wood-plastic composite surfaces using FTIR spectroscopy, contact angle, and XPS</title>
   </titleInfo>
   <name type="personal" usage="primary">
      <namePart type="given">Nicole M.</namePart>
      <namePart type="family">Stark</namePart>
      <displayForm>Stark, Nicole M.</displayForm>
      <affiliation>United States Department of Agriculture, Forest Service, Forest Products Laboratory, Engineered Composites Sciences, One Gifford Pinchot Drive, Madison, WI 53726</affiliation>
      <role>
         <roleTerm type="text">author</roleTerm>
      </role>
   </name>
   <name type="personal">
      <namePart type="given">Laurent M.</namePart>
      <namePart type="family">Matuana</namePart>
      <displayForm>Matuana, Laurent M.</displayForm>
      <role>
         <roleTerm type="text">author</roleTerm>
      </role>
   </name>
   <typeOfResource>text</typeOfResource>
   <genre>article</genre>
   <originInfo>
      <dateIssued encoding="w3cdtf" keyDate="yes">2008-12-29</dateIssued>
   </originInfo>
   <note type="treesearch-status">Informally Refereed (Peer-Reviewed)</note>
   <language>
      <languageTerm type="code" authority="iso639-2b">eng</languageTerm>
      <languageTerm type="text">English</languageTerm>
   </language>
   <abstract>Much of the current growth of wood-plastic composites (WPCs) is due to increased penetration into the decking market; therefore it has become imperative to understand the durability of WPCs in outdoor applications. In this study, wood flour filled high-density polyethylene (HDPE) composites were manufactured through either injection molding or extrusion. A set of extruded composites were also planed to remove the extruded surface. Composites were weathered in a xenon-arc weathering apparatus. Scanning electron microscopy (SEM) was used to characterize the morphology of the composite surface. Attenuated total reflectance Fourier transform infrared (ATR-FTIR) spectroscopy was useful in showing the loss of wood particles from the surface after weathering. Contact angle was higher for the extruded and planed composites compared with the injection molded composites, and was shown using X-ray photoelectron spectroscopy (XPS) to be due to lubricant used as a processing aid.</abstract>
   <subject>
      <topic>Wood-plastic composites</topic>
   </subject>
   <subject>
      <topic>weathering</topic>
   </subject>
   <subject>
      <topic>wood flour</topic>
   </subject>
   <subject>
      <topic>HDPE</topic>
   </subject>
   <subject>
      <topic>mechanical properties</topic>
   </subject>
   <subject>
      <topic>surface characteristics</topic>
   </subject>
   <subject>
      <topic>contact angle</topic>
   </subject>
   <subject>
      <topic>scanning electron microscopy</topic>
   </subject>
   <subject>
      <topic>fourier transform infrared spectroscopy</topic>
   </subject>
   <subject>
      <topic>thermoplastic composites</topic>
   </subject>
   <subject>
      <topic>decks</topic>
   </subject>
   <subject>
      <topic>accelerated life testing</topic>
   </subject>
   <subject>
      <topic>extrusion process</topic>
   </subject>
   <subject>
      <topic>injection molding of plastics</topic>
   </subject>
   <subject>
      <topic>composite materials</topic>
   </subject>
   <subject>
      <topic>deterioration</topic>
   </subject>
   <subject>
      <topic>weathering</topic>
   </subject>
   <subject>
      <topic>wood flour</topic>
   </subject>
   <subject>
      <topic>polyethylene</topic>
   </subject>
   <subject>
      <topic>accelerated testing</topic>
   </subject>
   <subject>
      <topic>durability</topic>
   </subject>
   <subject>
      <topic>surface properties</topic>
   </subject>
   <subject>
      <topic>wood plastic materials</topic>
   </subject>
   <relatedItem type="host">
      <titleInfo>
         <title>Polymer degradation and stability</title>
      </titleInfo>
      <part>
         <text type="year">2008</text>
         <text type="month">12</text>
         <text type="day">29</text>
         <extent unit="pages"><!--test 3a: citation field, 1st iteration--></extent>
      </part>
   </relatedItem>
   <identifier type="treesearch">3136</identifier>
   <identifier type="treesearch-pub">29253</identifier>
   <location>
      <url access="object in context">https://www.fs.usda.gov/treesearch/pubs/29253</url>
   </location>
   <location>
      <url access="raw object">https://www.fpl.fs.fed.us/documnts/pdf2007/fpl_2007_stark003.pdf</url>
   </location>
   <extension>
      <vendorName/>
      <archiveFile/>
      <originalFile>file:/C:/Users/carlos.martinez/Desktop/json-to-mods_2xslt/json-to-mods_11-16-2021_792c08c/A-29253.json</originalFile>
      <workingDirectory/>
      <!--values of new global variables-->
      <xslt_document>file:/C:/Users/carlos.martinez/Desktop/json-to-mods_2xslt/json-to-mods_12-02-2021_from_11-16-2021.xsl</xslt_document>
      <archive_file>A-29253.json</archive_file>
      <original_file>A-29253</original_file>
      <working_directory>file:/C:/Users/carlos.martinez/Desktop/json-to-mods_2xslt/json-to-mods_11-16-2021_792c08c/</working_directory>
   </extension>
</mods>
