<?xml version="1.0" encoding="UTF-8"?>
<mods xmlns:xlink="http://www.w3.org/1999/xlink"
      xmlns:xsi="http://www.w3.org/2001/XMLSchema-instance"
      version="3.7"
      xmlns="http://www.loc.gov/mods/v3"
      xsi:schemaLocation="http://www.loc.gov/mods/v3 http://www.loc.gov/standards/mods/v3/mods-3-7.xsd">
   <titleInfo>
      <title>Prehydrolysis of aspen wood with water and with dilute aqueous sulfuric acid</title>
   </titleInfo>
   <name type="personal" usage="primary">
      <namePart type="given">Edward L.</namePart>
      <namePart type="family">Springer</namePart>
      <displayForm>Springer, Edward L.</displayForm>
      <role>
         <roleTerm type="text">author</roleTerm>
      </role>
   </name>
   <name type="personal">
      <namePart type="given">John F.</namePart>
      <namePart type="family">Harris</namePart>
      <displayForm>Harris, John F.</displayForm>
      <role>
         <roleTerm type="text">author</roleTerm>
      </role>
   </name>
   <typeOfResource>text</typeOfResource>
   <genre>article</genre>
   <originInfo>
      <dateIssued encoding="w3cdtf" keyDate="yes">2008-07-18</dateIssued>
   </originInfo>
   <note type="treesearch-status">Informally Refereed (Peer-Reviewed)</note>
   <language>
      <languageTerm type="code" authority="iso639-2b">eng</languageTerm>
      <languageTerm type="text">English</languageTerm>
   </language>
   <abstract>Water prehydrolysis of aspen wood was compared with 0.40% sulfuric acid prehydrolysis at a reaction temperature of 170°C. Acid prehydrolysis gave much higher yields of total anhydroxylose units in the prehydrolyzate and removed significantly less anhydroglucose from the wood than did the water treatment. At maximum yields of total anhydroxylose units in the prehydrolyzates, much more monomeric xylose was present in the acid prehydrolyzate than in the water prehydrolyzate.</abstract>
   <subject>
      <topic>Populus tremuloides</topic>
   </subject>
   <subject>
      <topic>sulfuric acid</topic>
   </subject>
   <subject>
      <topic>xylan</topic>
   </subject>
   <subject>
      <topic>xylose</topic>
   </subject>
   <subject>
      <topic>glucans</topic>
   </subject>
   <subject>
      <topic>lignin</topic>
   </subject>
   <subject>
      <topic>water</topic>
   </subject>
   <subject>
      <topic>kraft pulping</topic>
   </subject>
   <subject>
      <topic>anhydroxylose,</topic>
   </subject>
   <relatedItem type="host">
      <titleInfo>
         <title>Svensk papperstidning</title>
      </titleInfo>
      <part>
         <text type="year">2008</text>
         <text type="month">07</text>
         <text type="day">18</text>
         <extent unit="pages"><!--test 3a: citation field, 1st iteration-->
            <start>R152</start>
            <end>R154</end>
            <total>3</total>
            <!--test 3.a.ii: citation-field, analyzed-string, regex-group(1)-->
         </extent>
      </part>
   </relatedItem>
   <identifier type="treesearch">1351</identifier>
   <identifier type="treesearch-pub">30546</identifier>
   <location>
      <url access="object in context">https://www.fs.usda.gov/treesearch/pubs/30546</url>
   </location>
   <location>
      <url access="raw object">https://www.fpl.fs.fed.us/documnts/pdf1982/sprin82a.pdf</url>
   </location>
   <extension>
      <vendorName/>
      <archiveFile/>
      <originalFile>file:/C:/Users/carlos.martinez/Desktop/json-to-mods_2xslt/json-to-mods_11-16-2021_792c08c/A-30546.json</originalFile>
      <workingDirectory/>
      <!--values of new global variables-->
      <xslt_document>file:/C:/Users/carlos.martinez/Desktop/json-to-mods_2xslt/json-to-mods_12-02-2021_from_11-16-2021.xsl</xslt_document>
      <archive_file>A-30546.json</archive_file>
      <original_file>A-30546</original_file>
      <working_directory>file:/C:/Users/carlos.martinez/Desktop/json-to-mods_2xslt/json-to-mods_11-16-2021_792c08c/</working_directory>
   </extension>
</mods>
