<?xml version="1.0" encoding="UTF-8"?>
<mods xmlns:xlink="http://www.w3.org/1999/xlink"
      xmlns:xsi="http://www.w3.org/2001/XMLSchema-instance"
      version="3.7"
      xmlns="http://www.loc.gov/mods/v3"
      xsi:schemaLocation="http://www.loc.gov/mods/v3 http://www.loc.gov/standards/mods/v3/mods-3-7.xsd">
   <titleInfo>
      <title>Initial preservative treatment of wood in covered bridges</title>
   </titleInfo>
   <name type="personal" usage="primary">
      <namePart type="given">Jeffrey J.</namePart>
      <namePart type="family">Morrell</namePart>
      <displayForm>Morrell, Jeffrey J.</displayForm>
      <role>
         <roleTerm type="text">author</roleTerm>
      </role>
   </name>
   <name type="personal">
      <namePart type="given">Stan T.</namePart>
      <namePart type="family">Lebow</namePart>
      <displayForm>Lebow, Stan T.</displayForm>
      <affiliation>United States Department of Agriculture, Forest Service, Forest Products Laboratory, Durability and Wood Protection, One Gifford Pinchot Drive, Madison, WI 53726</affiliation>
      <role>
         <roleTerm type="text">author</roleTerm>
      </role>
   </name>
   <typeOfResource>text</typeOfResource>
   <genre>article</genre>
   <originInfo>
      <dateIssued encoding="w3cdtf" keyDate="yes">2007-12-18</dateIssued>
   </originInfo>
   <note type="treesearch-status">Informally Refereed (Peer-Reviewed)</note>
   <language>
      <languageTerm type="code" authority="iso639-2b">eng</languageTerm>
      <languageTerm type="text">English</languageTerm>
   </language>
   <abstract>The chapter provides information on treatment chemicals, pretreatment specifications, and pertinent standards that help specify wood for covered bridges that will resist biodeterioration.</abstract>
   <subject>
      <topic>Weathering</topic>
   </subject>
   <subject>
      <topic>wood-decaying fungi</topic>
   </subject>
   <subject>
      <topic>covered bridges</topic>
   </subject>
   <subject>
      <topic>wooden bridges</topic>
   </subject>
   <subject>
      <topic>wood preservatives</topic>
   </subject>
   <subject>
      <topic>biodegradation</topic>
   </subject>
   <subject>
      <topic>deterioration</topic>
   </subject>
   <subject>
      <topic>insect pests</topic>
   </subject>
   <subject>
      <topic>preservatives</topic>
   </subject>
   <subject>
      <topic>wood decay</topic>
   </subject>
   <relatedItem type="host">
      <titleInfo>
         <title>Covered bridge manual</title>
      </titleInfo>
      <part>
         <text type="year">2007</text>
         <text type="month">12</text>
         <text type="day">18</text>
         <extent unit="pages"><!--test 3a: citation field, 1st iteration--></extent>
      </part>
   </relatedItem>
   <identifier type="treesearch">2291</identifier>
   <identifier type="treesearch-pub">29176</identifier>
   <location>
      <url access="object in context">https://www.fs.usda.gov/treesearch/pubs/29176</url>
   </location>
   <location>
      <url access="raw object">https://www.fpl.fs.fed.us/documnts/pdf2005/fpl_2005_morrell001.pdf</url>
   </location>
   <extension>
      <vendorName/>
      <archiveFile/>
      <originalFile>file:/C:/Users/carlos.martinez/Desktop/json-to-mods_2xslt/json-to-mods_11-16-2021_792c08c/A-29176.json</originalFile>
      <workingDirectory/>
      <!--values of new global variables-->
      <xslt_document>file:/C:/Users/carlos.martinez/Desktop/json-to-mods_2xslt/json-to-mods_12-02-2021_from_11-16-2021.xsl</xslt_document>
      <archive_file>A-29176.json</archive_file>
      <original_file>A-29176</original_file>
      <working_directory>file:/C:/Users/carlos.martinez/Desktop/json-to-mods_2xslt/json-to-mods_11-16-2021_792c08c/</working_directory>
   </extension>
</mods>
