<?xml version="1.0" encoding="UTF-8"?>
<mods xmlns:xlink="http://www.w3.org/1999/xlink"
      xmlns:xsi="http://www.w3.org/2001/XMLSchema-instance"
      version="3.7"
      xmlns="http://www.loc.gov/mods/v3"
      xsi:schemaLocation="http://www.loc.gov/mods/v3 http://www.loc.gov/standards/mods/v3/mods-3-7.xsd">
   <titleInfo>
      <title>Old resinous turpentine stumps as an indicator of the range of longleaf pine in Southeastern Virginia</title>
   </titleInfo>
   <name type="personal" usage="primary">
      <namePart type="given">Thomas L.</namePart>
      <namePart type="family">Eberhardt</namePart>
      <displayForm>Eberhardt, Thomas L.</displayForm>
      <affiliation>United States Department of Agriculture, Forest Service, Southern Research Station, Utilization of Southern Forest Resources , 200 W.T. Weaver Blvd. Asheville, NC 28804-3454</affiliation>
      <role>
         <roleTerm type="text">author</roleTerm>
      </role>
   </name>
   <name type="personal">
      <namePart type="given">Philip M.</namePart>
      <namePart type="family">Sheridan</namePart>
      <displayForm>Sheridan, Philip M.</displayForm>
      <role>
         <roleTerm type="text">author</roleTerm>
      </role>
   </name>
   <name type="personal">
      <namePart type="given">Jolie M.</namePart>
      <namePart type="family">Mahfouz</namePart>
      <displayForm>Mahfouz, Jolie M.</displayForm>
      <affiliation>United States Department of Agriculture, Forest Service, Southern Research Station, Insects, Diseases and Invasive Plants of Southern Forests , 200 W.T. Weaver Blvd. Asheville, NC 28804-3454</affiliation>
      <role>
         <roleTerm type="text">author</roleTerm>
      </role>
   </name>
   <name type="personal">
      <namePart type="given">Chi-Leung</namePart>
      <namePart type="family">So</namePart>
      <displayForm>So, Chi-Leung</displayForm>
      <role>
         <roleTerm type="text">author</roleTerm>
      </role>
   </name>
   <typeOfResource>text</typeOfResource>
   <genre>article</genre>
   <originInfo>
      <dateIssued encoding="w3cdtf" keyDate="yes">2007-12-04</dateIssued>
   </originInfo>
   <note type="treesearch-status">Informally Refereed (Peer-Reviewed)</note>
   <language>
      <languageTerm type="code" authority="iso639-2b">eng</languageTerm>
      <languageTerm type="text">English</languageTerm>
   </language>
   <abstract>Wood anatomy cannot be used to differentiate between the southern yellow pine species. Wood samples collected from old resinous turpentine stumps in coastal Virginia were subjected to chemical and spectroscopic analyses in an effort to determine if they could be identified as longleaf pine. The age and resinous nature of the samples were manifested in high specific gravities, the presence of oxidized monoterpenes, and the ability to be grouped separately from wood from recently harvested trees by NIR spectroscopy. Since there are no standards for old resinous pine stumps, studies are continuing to determine changes that occur in longleaf pine stumps aged under field conditions.</abstract>
   <relatedItem type="host">
      <titleInfo>
         <title>In: Longleaf Pine: seeing the forest through the trees, Proceedings of the Sixth Longleaf Alliance Regional Conference</title>
      </titleInfo>
      <part>
         <text type="year">2007</text>
         <text type="month">12</text>
         <text type="day">04</text>
         <extent unit="pages"><!--test 3a: citation field, 1st iteration-->
            <total>6</total>
            <!--test 3.a.i: citation-field, analyzed-string, regex-group(4)-->
         </extent>
      </part>
   </relatedItem>
   <identifier type="treesearch">1383</identifier>
   <identifier type="treesearch-pub">29091</identifier>
   <location>
      <url access="object in context">https://www.fs.usda.gov/treesearch/pubs/29091</url>
   </location>
   <location>
      <url access="raw object">https://www.srs.fs.usda.gov/pubs/ja/ja_eberhardt009.pdf</url>
   </location>
   <extension>
      <vendorName/>
      <archiveFile/>
      <originalFile>file:/C:/Users/carlos.martinez/Desktop/json-to-mods_2xslt/json-to-mods_11-16-2021_792c08c/A-29091.json</originalFile>
      <workingDirectory/>
      <!--values of new global variables-->
      <xslt_document>file:/C:/Users/carlos.martinez/Desktop/json-to-mods_2xslt/json-to-mods_12-02-2021_from_11-16-2021.xsl</xslt_document>
      <archive_file>A-29091.json</archive_file>
      <original_file>A-29091</original_file>
      <working_directory>file:/C:/Users/carlos.martinez/Desktop/json-to-mods_2xslt/json-to-mods_11-16-2021_792c08c/</working_directory>
   </extension>
</mods>
