<?xml version="1.0" encoding="UTF-8"?>
<mods xmlns:xlink="http://www.w3.org/1999/xlink"
      xmlns:xsi="http://www.w3.org/2001/XMLSchema-instance"
      version="3.7"
      xmlns="http://www.loc.gov/mods/v3"
      xsi:schemaLocation="http://www.loc.gov/mods/v3 http://www.loc.gov/standards/mods/v3/mods-3-7.xsd">
   <titleInfo>
      <title>Mill demonstration of TMP production from forest thinnings : pulp quality, refining energy, and handsheet properties</title>
   </titleInfo>
   <name type="personal" usage="primary">
      <namePart type="given">J.Y.</namePart>
      <namePart type="family">Zhu</namePart>
      <displayForm>Zhu, J.Y.</displayForm>
      <affiliation>United States Department of Agriculture, Forest Service, Forest Products Laboratory, Engineered Composites Sciences, One Gifford Pinchot Drive, Madison, WI 53726</affiliation>
      <role>
         <roleTerm type="text">author</roleTerm>
      </role>
   </name>
   <name type="personal">
      <namePart type="given">C. Tim</namePart>
      <namePart type="family">Scott</namePart>
      <displayForm>Scott, C. Tim</displayForm>
      <affiliation>United States Department of Agriculture, Forest Service, Northern Research Station, , One Gifford Pinchot Drive, Madison, WI 53726</affiliation>
      <role>
         <roleTerm type="text">author</roleTerm>
      </role>
   </name>
   <name type="personal">
      <namePart type="given">Roland</namePart>
      <namePart type="family">Gleisner</namePart>
      <displayForm>Gleisner, Roland</displayForm>
      <affiliation>United States Department of Agriculture, Forest Service, Forest Products Laboratory, Fiber and Chemical Sciences Research, One Gifford Pinchot Drive, Madison, WI 53726</affiliation>
      <role>
         <roleTerm type="text">author</roleTerm>
      </role>
   </name>
   <name type="personal">
      <namePart type="given">Doreen</namePart>
      <namePart type="family">Mann</namePart>
      <displayForm>Mann, Doreen</displayForm>
      <affiliation>United States Department of Agriculture, Forest Service, Forest Products Laboratory, Engineered Composites Sciences, One Gifford Pinchot Drive, Madison, WI 53726</affiliation>
      <role>
         <roleTerm type="text">author</roleTerm>
      </role>
   </name>
   <name type="personal">
      <namePart type="given">D.P.</namePart>
      <namePart type="family">Dykstra</namePart>
      <displayForm>Dykstra, D.P.</displayForm>
      <role>
         <roleTerm type="text">author</roleTerm>
      </role>
   </name>
   <name type="personal">
      <namePart type="given">G. Holton</namePart>
      <namePart type="family">Quinn</namePart>
      <displayForm>Quinn, G. Holton</displayForm>
      <role>
         <roleTerm type="text">author</roleTerm>
      </role>
   </name>
   <name type="personal">
      <namePart type="given">Louis L.</namePart>
      <namePart type="family">Edwards</namePart>
      <displayForm>Edwards, Louis L.</displayForm>
      <role>
         <roleTerm type="text">author</roleTerm>
      </role>
   </name>
   <typeOfResource>text</typeOfResource>
   <genre>article</genre>
   <originInfo>
      <dateIssued encoding="w3cdtf" keyDate="yes">2011-03-09</dateIssued>
   </originInfo>
   <note type="treesearch-status">Informally Refereed (Peer-Reviewed)</note>
   <language>
      <languageTerm type="code" authority="iso639-2b">eng</languageTerm>
      <languageTerm type="text">English</languageTerm>
   </language>
   <abstract>High-value, large-volume utilization of forest thinning materials from U.S. National Forests is a potentially important contributor to sustainable forest health. This study demonstrated the utilization of wood chips produced from thinnings for the production of thermomechanical pulp (TMP). Both whole-log chips (primarily from small-diameter logs, tops, and reject logs) and sawmill “residue” chips from a Hewsaw system (Mäntyharju, Finland) were evaluated. The residue chips produced in this study were substituted for a TMP mill’s standard residue chips up to about 50%. The whole-log chips were substituted for the mill’s whole-log chips up to about 30%. The results show that substitution of chips produced from forest thinnings reduced refining energy in all trials. Pulp quality was maintained throughout all trials.</abstract>
   <subject>
      <topic>Paper industry</topic>
   </subject>
   <subject>
      <topic>energy conservation</topic>
   </subject>
   <subject>
      <topic>wood-pulp industry</topic>
   </subject>
   <subject>
      <topic>pulping</topic>
   </subject>
   <subject>
      <topic>wood pulp</topic>
   </subject>
   <subject>
      <topic>mechanical properties</topic>
   </subject>
   <subject>
      <topic>wood chips</topic>
   </subject>
   <subject>
      <topic>Douglas fir</topic>
   </subject>
   <subject>
      <topic>smallwood</topic>
   </subject>
   <subject>
      <topic>lodgepole pine</topic>
   </subject>
   <subject>
      <topic>tensile strength</topic>
   </subject>
   <subject>
      <topic>suppressed growth</topic>
   </subject>
   <subject>
      <topic>chips</topic>
   </subject>
   <subject>
      <topic>thermomechanical pulping</topic>
   </subject>
   <subject>
      <topic>thinnings</topic>
   </subject>
   <subject>
      <topic>small-diameter timber</topic>
   </subject>
   <subject>
      <topic>small timbers</topic>
   </subject>
   <subject>
      <topic>forest thinning</topic>
   </subject>
   <subject>
      <topic>small diameter trees</topic>
   </subject>
   <subject>
      <topic>suppressed growth trees</topic>
   </subject>
   <subject>
      <topic>forest fires</topic>
   </subject>
   <subject>
      <topic>sawmill residues</topic>
   </subject>
   <subject>
      <topic>pulp quality</topic>
   </subject>
   <subject>
      <topic>sheet properties</topic>
   </subject>
   <relatedItem type="host">
      <titleInfo>
         <title>Bioresources</title>
      </titleInfo>
      <part>
         <detail type="volume">
            <number>2</number>
            <caption>v.</caption>
         </detail>
         <detail type="issue">
            <number>4</number>
            <caption>no.</caption>
         </detail>
         <text type="year">2011</text>
         <text type="month">03</text>
         <text type="day">09</text>
         <extent unit="pages">
            <start>544</start>
            <end>559</end>
            <total>16</total>
         </extent>
      </part>
   </relatedItem>
   <identifier type="treesearch">1427</identifier>
   <identifier type="treesearch-pub">29759</identifier>
   <location>
      <url access="object in context">https://www.fs.usda.gov/treesearch/pubs/29759</url>
   </location>
   <location>
      <url access="raw object">https://www.fpl.fs.fed.us/documnts/pdf2007/fpl_2007_zhu004.pdf</url>
   </location>
   <extension>
      <vendorName/>
      <archiveFile/>
      <originalFile>file:/C:/Users/carlos.martinez/Desktop/json-to-mods_2xslt/json-to-mods_11-16-2021_792c08c/A-29759.json</originalFile>
      <workingDirectory/>
      <!--values of new global variables-->
      <xslt_document>file:/C:/Users/carlos.martinez/Desktop/json-to-mods_2xslt/json-to-mods_12-02-2021_from_11-16-2021.xsl</xslt_document>
      <archive_file>A-29759.json</archive_file>
      <original_file>A-29759</original_file>
      <working_directory>file:/C:/Users/carlos.martinez/Desktop/json-to-mods_2xslt/json-to-mods_11-16-2021_792c08c/</working_directory>
   </extension>
</mods>
