<?xml version="1.0" encoding="UTF-8"?>
<mods xmlns:xlink="http://www.w3.org/1999/xlink"
      xmlns:xsi="http://www.w3.org/2001/XMLSchema-instance"
      version="3.7"
      xmlns="http://www.loc.gov/mods/v3"
      xsi:schemaLocation="http://www.loc.gov/mods/v3 http://www.loc.gov/standards/mods/v3/mods-3-7.xsd">
   <titleInfo>
      <title>Prehydrolysis of birch wood with sulfur dioxide</title>
   </titleInfo>
   <name type="personal" usage="primary">
      <namePart type="given">Edward L.</namePart>
      <namePart type="family">Springer</namePart>
      <displayForm>Springer, Edward L.</displayForm>
      <role>
         <roleTerm type="text">author</roleTerm>
      </role>
   </name>
   <name type="personal">
      <namePart type="given">Kimball A.</namePart>
      <namePart type="family">Libkie</namePart>
      <displayForm>Libkie, Kimball A.</displayForm>
      <role>
         <roleTerm type="text">author</roleTerm>
      </role>
   </name>
   <typeOfResource>text</typeOfResource>
   <genre>article</genre>
   <originInfo>
      <dateIssued encoding="w3cdtf" keyDate="yes">2008-07-17</dateIssued>
   </originInfo>
   <note type="treesearch-status">Informally Refereed (Peer-Reviewed)</note>
   <language>
      <languageTerm type="code" authority="iso639-2b">eng</languageTerm>
      <languageTerm type="text">English</languageTerm>
   </language>
   <abstract>Work in progress on prehydrolysis of white birch (Betula papyrifera) wood with sulfur dioxide presents an alternative means for producing a relatively concentrated pentose solution with a very small requirement for steam or other forms of energy. The key ideas are to conduct the prehydrolysis reaction at a very low liquor-to-wood ratio (called vapor-phase cooking in the pulp industry) and to obtain a relatively concentrated solution by countercurrently extracting the xylose, xylose oligomers, and other solubilized material from the reacted chips.</abstract>
   <subject>
      <topic>Xylose</topic>
   </subject>
   <subject>
      <topic>xylan</topic>
   </subject>
   <subject>
      <topic>hemicelluloses</topic>
   </subject>
   <subject>
      <topic>furfural</topic>
   </subject>
   <subject>
      <topic>biomass</topic>
   </subject>
   <subject>
      <topic>ethanol</topic>
   </subject>
   <subject>
      <topic>cellulose</topic>
   </subject>
   <subject>
      <topic>glucose</topic>
   </subject>
   <subject>
      <topic>xylitol</topic>
   </subject>
   <subject>
      <topic>yeasts</topic>
   </subject>
   <subject>
      <topic>sulfur dioxide</topic>
   </subject>
   <subject>
      <topic>energy</topic>
   </subject>
   <subject>
      <topic>extraction</topic>
   </subject>
   <subject>
      <topic>hydrolysis</topic>
   </subject>
   <subject>
      <topic>white birch</topic>
   </subject>
   <subject>
      <topic>vapor phase cooking</topic>
   </subject>
   <subject>
      <topic>oligomers</topic>
   </subject>
   <subject>
      <topic>reacted chips</topic>
   </subject>
   <relatedItem type="host">
      <titleInfo>
         <title>Tappi</title>
      </titleInfo>
      <part>
         <text type="year">2008</text>
         <text type="month">07</text>
         <text type="day">17</text>
         <extent unit="pages"><!--test 3a: citation field, 1st iteration-->
            <start>119</start>
            <end>120</end>
            <total>2</total>
            <!--test 3.a.iii: citation-field, analyzed-string, regex-group(3)-->
         </extent>
      </part>
   </relatedItem>
   <identifier type="treesearch">2585</identifier>
   <identifier type="treesearch-pub">30543</identifier>
   <location>
      <url access="object in context">https://www.fs.usda.gov/treesearch/pubs/30543</url>
   </location>
   <location>
      <url access="raw object">https://www.fpl.fs.fed.us/documnts/pdf1980/sprin80a.pdf</url>
   </location>
   <extension>
      <vendorName/>
      <archiveFile/>
      <originalFile>file:/C:/Users/carlos.martinez/Desktop/json-to-mods_2xslt/json-to-mods_11-16-2021_792c08c/A-30543.json</originalFile>
      <workingDirectory/>
      <!--values of new global variables-->
      <xslt_document>file:/C:/Users/carlos.martinez/Desktop/json-to-mods_2xslt/json-to-mods_12-02-2021_from_11-16-2021.xsl</xslt_document>
      <archive_file>A-30543.json</archive_file>
      <original_file>A-30543</original_file>
      <working_directory>file:/C:/Users/carlos.martinez/Desktop/json-to-mods_2xslt/json-to-mods_11-16-2021_792c08c/</working_directory>
   </extension>
</mods>
