<?xml version="1.0" encoding="UTF-8"?>
<mods xmlns:xlink="http://www.w3.org/1999/xlink"
      xmlns:xsi="http://www.w3.org/2001/XMLSchema-instance"
      version="3.7"
      xmlns="http://www.loc.gov/mods/v3"
      xsi:schemaLocation="http://www.loc.gov/mods/v3 http://www.loc.gov/standards/mods/v3/mods-3-7.xsd">
   <titleInfo>
      <title>Structural lumber from suppressed-growth ponderosa pine from northern Arizona</title>
   </titleInfo>
   <name type="personal" usage="primary">
      <namePart type="given">Thomas M.</namePart>
      <namePart type="family">Gorman</namePart>
      <displayForm>Gorman, Thomas M.</displayForm>
      <role>
         <roleTerm type="text">author</roleTerm>
      </role>
   </name>
   <name type="personal">
      <namePart type="given">David W.</namePart>
      <namePart type="family">Green</namePart>
      <displayForm>Green, David W.</displayForm>
      <role>
         <roleTerm type="text">author</roleTerm>
      </role>
   </name>
   <name type="personal">
      <namePart type="given">Aldo G.</namePart>
      <namePart type="family">Cisternas</namePart>
      <displayForm>Cisternas, Aldo G.</displayForm>
      <role>
         <roleTerm type="text">author</roleTerm>
      </role>
   </name>
   <name type="personal">
      <namePart type="given">Roland</namePart>
      <namePart type="family">Hernandez</namePart>
      <displayForm>Hernandez, Roland</displayForm>
      <role>
         <roleTerm type="text">author</roleTerm>
      </role>
   </name>
   <name type="personal">
      <namePart type="given">Eini C.</namePart>
      <namePart type="family">Lowell</namePart>
      <displayForm>Lowell, Eini C.</displayForm>
      <affiliation>United States Department of Agriculture, Forest Service, Pacific Northwest Research Station, , 220 SW 3rd Avenue, Suite 1400, Portland, OR 97204, US</affiliation>
      <role>
         <roleTerm type="text">author</roleTerm>
      </role>
   </name>
   <typeOfResource>text</typeOfResource>
   <genre>article</genre>
   <originInfo>
      <dateIssued encoding="w3cdtf" keyDate="yes">2008-11-18</dateIssued>
   </originInfo>
   <note type="treesearch-status">Informally Refereed (Peer-Reviewed)</note>
   <language>
      <languageTerm type="code" authority="iso639-2b">eng</languageTerm>
      <languageTerm type="text">English</languageTerm>
   </language>
   <relatedItem type="host">
      <titleInfo>
         <title/>
      </titleInfo>
      <part>
         <text type="year">2008</text>
         <text type="month">11</text>
         <text type="day">18</text>
         <extent unit="pages"><!--test 3a: citation field, 1st iteration--></extent>
      </part>
   </relatedItem>
   <identifier type="treesearch">1507</identifier>
   <identifier type="treesearch-pub">29764</identifier>
   <location>
      <url access="object in context">https://www.fs.usda.gov/treesearch/pubs/29764</url>
   </location>
   <location>
      <url access="raw object">https://www.fpl.fs.fed.us/documnts/pdf2007/fpl_2007_gorman001.pdf</url>
   </location>
   <extension>
      <vendorName/>
      <archiveFile/>
      <originalFile>file:/C:/Users/carlos.martinez/Desktop/json-to-mods_2xslt/json-to-mods_11-16-2021_792c08c/A-29764.json</originalFile>
      <workingDirectory/>
      <!--values of new global variables-->
      <xslt_document>file:/C:/Users/carlos.martinez/Desktop/json-to-mods_2xslt/json-to-mods_12-02-2021_from_11-16-2021.xsl</xslt_document>
      <archive_file>A-29764.json</archive_file>
      <original_file>A-29764</original_file>
      <working_directory>file:/C:/Users/carlos.martinez/Desktop/json-to-mods_2xslt/json-to-mods_11-16-2021_792c08c/</working_directory>
   </extension>
</mods>
