<?xml version="1.0" encoding="UTF-8"?>
<mods xmlns:xlink="http://www.w3.org/1999/xlink"
      xmlns:xsi="http://www.w3.org/2001/XMLSchema-instance"
      version="3.7"
      xmlns="http://www.loc.gov/mods/v3"
      xsi:schemaLocation="http://www.loc.gov/mods/v3 http://www.loc.gov/standards/mods/v3/mods-3-7.xsd">
   <titleInfo>
      <title>Oregon's forest products industry: 1976.</title>
   </titleInfo>
   <name type="personal" usage="primary">
      <namePart type="given">James O.</namePart>
      <namePart type="family">Howard</namePart>
      <displayForm>Howard, James O.</displayForm>
      <affiliation>United States Department of Agriculture, Forest Service, Forest Products Laboratory, Economics, Statistics and Life Cycle Analysis Research, One Gifford Pinchot Drive, Madison, WI 53726</affiliation>
      <role>
         <roleTerm type="text">author</roleTerm>
      </role>
   </name>
   <name type="personal">
      <namePart type="given">Bruce A.</namePart>
      <namePart type="family">Hiserote</namePart>
      <displayForm>Hiserote, Bruce A.</displayForm>
      <affiliation>United States Department of Agriculture, Forest Service, Pacific Northwest Research Station, , 220 SW 3rd Avenue, Suite 1400, Portland, OR 97204, US</affiliation>
      <role>
         <roleTerm type="text">author</roleTerm>
      </role>
   </name>
   <typeOfResource>text</typeOfResource>
   <genre>article</genre>
   <originInfo>
      <dateIssued encoding="w3cdtf" keyDate="yes">2008-04-17</dateIssued>
   </originInfo>
   <note type="treesearch-status">Informally Refereed (Peer-Reviewed)</note>
   <language>
      <languageTerm type="code" authority="iso639-2b">eng</languageTerm>
      <languageTerm type="text">English</languageTerm>
   </language>
   <abstract>This report presents the findings of a 100-percent canvas of the primary forest products industry in Oregon for 1976. Tabular presentation includes characteristics of the industry log consumption and disposition of mill residues. Accompanying the tables is a descriptive analysis of conditions and trends in the industry.</abstract>
   <subject>
      <topic>Forest products industry</topic>
   </subject>
   <subject>
      <topic>Wood utilization</topic>
   </subject>
   <relatedItem type="series">
      <titleInfo type="abbreviated">
         <title>Resour. Bull.</title>
      </titleInfo>
      <titleInfo>
         <title>Resource Bulletin (RB)</title>
      </titleInfo>
      <part>
         <detail type="volume">
            <number>079</number>
            <caption>v.</caption>
         </detail>
         <text type="year">2008</text>
         <text type="month">04</text>
         <text type="day">17</text>
         <extent unit="pages"><!--test 3a: citation field, 1st iteration-->
            <total>109</total>
            <!--test 3.a.i: citation-field, analyzed-string, regex-group(4)-->
         </extent>
      </part>
   </relatedItem>
   <identifier type="treesearch">1447</identifier>
   <identifier type="treesearch-pub">26231</identifier>
   <location>
      <url access="object in context">https://www.fs.usda.gov/treesearch/pubs/26231</url>
   </location>
   <location>
      <url access="raw object">https://www.fs.fed.us/pnw/pubs/pnw_rb079.pdf</url>
   </location>
   <extension>
      <vendorName/>
      <archiveFile/>
      <originalFile>file:/C:/Users/carlos.martinez/Desktop/json-to-mods_2xslt/json-to-mods_11-16-2021_792c08c/A-26231.json</originalFile>
      <workingDirectory/>
      <!--values of new global variables-->
      <xslt_document>file:/C:/Users/carlos.martinez/Desktop/json-to-mods_2xslt/json-to-mods_12-02-2021_from_11-16-2021.xsl</xslt_document>
      <archive_file>A-26231.json</archive_file>
      <original_file>A-26231</original_file>
      <working_directory>file:/C:/Users/carlos.martinez/Desktop/json-to-mods_2xslt/json-to-mods_11-16-2021_792c08c/</working_directory>
   </extension>
</mods>
