{
    "product_id": "1405",
    "ac22_approved_for_public": "1",
    "primary_station": "NRS",
    "historical_station": "NRS",
    "entrystatus": "Published to Web",
    "product_type_id": "1",
    "product_type_desc": "Publication",
    "product_subtype_id": null,
    "product_subtype_desc": null,
    "referee_status_id": "2",
    "status_name": "Informally Refereed (Peer-Reviewed)",
    "pub_type_id": "1",
    "pub_type_desc": "Scientific Journal (JRNL)",
    "title": "Herbicide hardwood crop tree release in central West Virginia",
    "product_year": " 2001",
    "abstract": "Chemical crop tree release treatments were applied to young hardwood stands at three sites in central West Virginia to evaluate the effectiveness of glyphosate as Accord (41.5% SL), imazapyr as Arsenal AC (53.1% SL) and Chopper (27.6% EC), and triclopyr as Garlon 3A (44.4% triethylamine salt SL), and Garlon 4 (61.6% butoxyethyl ester EC) using hack-and-squirt injection and low volume stem bark band application methods. American beech (<i>Fagus grandifolia</i> Ehrh.) was a major competitor to black cherry (<i>Prunus serotina</i> Ehrh.) crop trees at each site. The treatments were applied in June and evaluated 12 months after treatment. A numerical rating system ranging from 1 to 7 (0?100% crown affected), which utilized visual symptoms, was used to evaluate the efficacy of each treatment. Trees receiving a rating of 5 (75% crown control) or greater were considered controlled.",
    "citation": "Kochenderfer, Jeffrey D.; Zedaker, Shepard M.; Johnson, James E.; Smith, David W.; Miller, Gary W. 2001. Herbicide hardwood crop tree release in central West Virginia.  Northern Journal of Applied Forestry. 18(2): 45-54.",
    "keywords": "herbicides, efficacy, crop tree release, hardwoods, economic benefits, silviculture",
    "doi": null,
    "url_binary_file": "https://www.nrs.fs.fed.us/pubs/jrnl/2001/ne_2001_kochenderfer_001.pdf",
    "binary_filesize": "        67 KB",
    "url_landing_page": "https://www.fs.usda.gov/treesearch/pubs/14218",
    "treesearch_pub_id": "14218",
    "pub_parent_id": null,
    "pub_child_number": null,
    "pub_parent_ind": "0",
    "pub_publication": "Northern Journal of Applied Forestry. 18(2): 45-54.",
    "proceedings_ind": "0",
    "pub_volume": "18",
    "pub_issue": "2",
    "pub_page": "45-54",
    "pub_page_start": null,
    "pub_page_end": null,
    "pub_source": "T",
    "geographic_terms": null,
    "issn_id": null,
    "is_early_release": "0",
    "created_on": "21-APR-2008 00:00:00",
    "modified_on": "21-APR-2008 00:00:00",
    "send_to_reviewer_ind": "A",
    "publish_to_web_ind": "Y",
    "send_to_reviewer": null,
    "child_publications": "",
    "national_research_taxonomy_elements": "",
    "pub_authors": [
        {
            "name": "Kochenderfer, Jeffrey D.",
            "station_id": "",
            "unit_id": "",
            "team_id": "",
            "alias": "",
            "user_id": "",
            "is_employee_active": "0",
            "is_researcher": "0",
            "author_order": "1"
        },
        {
            "name": "Zedaker, Shepard M.",
            "station_id": "",
            "unit_id": "",
            "team_id": "",
            "alias": "",
            "user_id": "",
            "is_employee_active": "0",
            "is_researcher": "0",
            "author_order": "2"
        },
        {
            "name": "Johnson, James E.",
            "station_id": "",
            "unit_id": "",
            "team_id": "",
            "alias": "",
            "user_id": "",
            "is_employee_active": "0",
            "is_researcher": "0",
            "author_order": "3"
        },
        {
            "name": "Smith, David W.",
            "station_id": "FPL",
            "unit_id": "LIB",
            "team_id": "",
            "alias": "",
            "user_id": "",
            "is_employee_active": "0",
            "is_researcher": "0",
            "author_order": "4"
        },
        {
            "name": "Miller, Gary W.",
            "station_id": "NRS",
            "unit_id": "3",
            "team_id": "",
            "alias": "gwmiller",
            "user_id": "679",
            "is_employee_active": "0",
            "is_researcher": "1",
            "author_order": "5"
        }
    ],
    "current_organizational_memberships": [
        {
            "name": "Kochenderfer, Jeffrey D.",
            "station_id": "",
            "unit_id": "",
            "team_id": "",
            "alias": "",
            "user_id": "",
            "is_employee_active": "0",
            "is_researcher": "0",
            "author_order": "1"
        },
        {
            "name": "Zedaker, Shepard M.",
            "station_id": "",
            "unit_id": "",
            "team_id": "",
            "alias": "",
            "user_id": "",
            "is_employee_active": "0",
            "is_researcher": "0",
            "author_order": "2"
        },
        {
            "name": "Johnson, James E.",
            "station_id": "",
            "unit_id": "",
            "team_id": "",
            "alias": "",
            "user_id": "",
            "is_employee_active": "0",
            "is_researcher": "0",
            "author_order": "3"
        },
        {
            "name": "Smith, David W.",
            "station_id": "FPL",
            "unit_id": "LIB",
            "team_id": "",
            "alias": "",
            "user_id": "",
            "is_employee_active": "0",
            "is_researcher": "0",
            "author_order": "4"
        },
        {
            "name": "Miller, Gary W.",
            "station_id": "NRS",
            "unit_id": "3",
            "team_id": "",
            "alias": "gwmiller",
            "user_id": "679",
            "is_employee_active": "0",
            "is_researcher": "1",
            "author_order": "5"
        }
    ],
    "strategic_program_areas": "",
    "cris_projects": "",
    "experimental_forests": "",
    "eco_regions": "",
    "latlongs": "",
    "usnatforests": "",
    "countystates": ""
}