{
    "product_id": "584",
    "ac22_approved_for_public": "1",
    "primary_station": "FPL",
    "historical_station": "FPL",
    "entrystatus": "Published to Web",
    "product_type_id": "1",
    "product_type_desc": "Publication",
    "product_subtype_id": null,
    "product_subtype_desc": null,
    "referee_status_id": "2",
    "status_name": "Informally Refereed (Peer-Reviewed)",
    "pub_type_id": "7",
    "pub_type_desc": "Research Paper (RP)",
    "title": "Estimating Janka hardness from specific gravity for tropical and temperate species",
    "product_year": " 2007",
    "abstract": "Using mean values for basic (green) specific gravity and Janka side hardness for individual species obtained from the world literature, regression equations were developed to predict side hardness from specific gravity. Statistical and graphical methods showed that the hardness–specific gravity relationship is the same for tropical and temperate hardwoods, but that the relationship for softwoods is different from that for hardwoods. As expected, the relationship for green wood is different from that for wood at 12% moisture content.",
    "citation": "Wiemann, Michael C.; Green, David W. 2007. Estimating Janka hardness from specific gravity for tropical and temperate species.  Research Paper FPL-RP-643. Madison, WI: U.S. Department of Agriculture, Forest Service, Forest Products Laboratory. 21 pages.",
    "keywords": "Janka hardness, specific gravity, temperate hardwoods, tropical hardwoods, softwoods",
    "doi": "10.2737/FPL-RP-643",
    "url_binary_file": "https://www.fpl.fs.fed.us/documnts/fplrp/fpl_rp643.pdf",
    "binary_filesize": "719 KB",
    "url_landing_page": "https://www.fs.usda.gov/treesearch/pubs/28975",
    "treesearch_pub_id": "28975",
    "pub_parent_id": null,
    "pub_child_number": null,
    "pub_parent_ind": "0",
    "pub_publication": "Research Paper FPL-RP-643. Madison, WI: U.S. Department of Agriculture, Forest Service, Forest Products Laboratory. 21 pages.",
    "proceedings_ind": "0",
    "pub_volume": "643",
    "pub_issue": null,
    "pub_page": null,
    "pub_page_start": null,
    "pub_page_end": null,
    "pub_source": "T",
    "geographic_terms": null,
    "issn_id": null,
    "is_early_release": "0",
    "created_on": "08-NOV-2007 16:20:37",
    "modified_on": "08-NOV-2007 16:22:57",
    "send_to_reviewer_ind": "A",
    "publish_to_web_ind": "Y",
    "send_to_reviewer": null,
    "child_publications": "",
    "national_research_taxonomy_elements": "",
    "pub_authors": [
        {
            "name": "Wiemann, Michael C.",
            "station_id": "FPL",
            "unit_id": "4714",
            "team_id": "",
            "alias": "mwiemann",
            "user_id": "67",
            "is_employee_active": "1",
            "is_researcher": "1",
            "author_order": "1"
        },
        {
            "name": "Green, David W.",
            "station_id": "",
            "unit_id": "",
            "team_id": "",
            "alias": "",
            "user_id": "",
            "is_employee_active": "0",
            "is_researcher": "0",
            "author_order": "2"
        }
    ],
    "current_organizational_memberships": [
        {
            "name": "Wiemann, Michael C.",
            "station_id": "FPL",
            "unit_id": "4715",
            "team_id": "",
            "alias": "mwiemann",
            "user_id": "67",
            "is_employee_active": "1",
            "is_researcher": "1",
            "author_order": "1"
        },
        {
            "name": "Green, David W.",
            "station_id": "",
            "unit_id": "",
            "team_id": "",
            "alias": "",
            "user_id": "",
            "is_employee_active": "0",
            "is_researcher": "0",
            "author_order": "2"
        }
    ],
    "strategic_program_areas": "",
    "cris_projects": "",
    "experimental_forests": "",
    "eco_regions": "",
    "latlongs": "",
    "usnatforests": "",
    "countystates": ""
}