{
    "product_id": "554",
    "ac22_approved_for_public": "1",
    "primary_station": "FPL",
    "historical_station": "FPL",
    "entrystatus": "Published to Web",
    "product_type_id": "1",
    "product_type_desc": "Publication",
    "product_subtype_id": null,
    "product_subtype_desc": null,
    "referee_status_id": "2",
    "status_name": "Informally Refereed (Peer-Reviewed)",
    "pub_type_id": "3",
    "pub_type_desc": "General Technical Report (GTR)",
    "title": "Review of in-service moisture and temperature conditions in wood-frame buildings",
    "product_year": " 2007",
    "abstract": "This literature review reports in-service moisture and temperature conditions of floor, wall, and roof members of wood-frame buildings and exposed wood decks and permanent wood foundations. A wide variation exists in reported wood moisture content, spanning a range from as low as 2% to well above 30%. Relevant studies are summarized, and measured values of wood moisture content and temperature are tabulated. Trends are discussed that relate moisture conditions to climate and season, moisture sources and transport mechanisms, and building design and construction.",
    "citation": "Glass, Samuel V.; TenWolde, Anton. 2007. Review of in-service moisture and temperature conditions in wood-frame buildings. General Technical Report FPL-GTR-174. Madison, WI: U.S. Department of Agriculture, Forest Service, Forest Products Laboratory. 53 p.",
    "keywords": "moisture content, temperature, wood-frame buildings, humidity, crawlspace, foundation, floor, wall, roof, attic, deck",
    "doi": "10.2737/FPL-GTR-174",
    "url_binary_file": "https://www.fpl.fs.fed.us/documnts/fplgtr/fpl_gtr174.pdf",
    "binary_filesize": "1.0 MB",
    "url_landing_page": "https://www.fs.usda.gov/treesearch/pubs/28970",
    "treesearch_pub_id": "28970",
    "pub_parent_id": null,
    "pub_child_number": null,
    "pub_parent_ind": "0",
    "pub_publication": "General Technical Report FPL-GTR-174. Madison, WI: U.S. Department of Agriculture, Forest Service, Forest Products Laboratory. 53 p. ",
    "proceedings_ind": "0",
    "pub_volume": "174",
    "pub_issue": null,
    "pub_page": "53",
    "pub_page_start": null,
    "pub_page_end": null,
    "pub_source": "T",
    "geographic_terms": null,
    "issn_id": null,
    "is_early_release": "0",
    "created_on": "08-NOV-2007 15:56:07",
    "modified_on": "28-JAN-2016 08:35:25",
    "send_to_reviewer_ind": "A",
    "publish_to_web_ind": "Y",
    "send_to_reviewer": "21-JAN-2016 09:30:39",
    "child_publications": "",
    "national_research_taxonomy_elements": "",
    "pub_authors": [
        {
            "name": "Glass, Samuel V.",
            "station_id": "FPL",
            "unit_id": "4716",
            "team_id": "",
            "alias": "svglass",
            "user_id": "189",
            "is_employee_active": "1",
            "is_researcher": "1",
            "author_order": "1"
        },
        {
            "name": "TenWolde, Anton",
            "station_id": "FPL",
            "unit_id": "",
            "team_id": "",
            "alias": "",
            "user_id": "",
            "is_employee_active": "0",
            "is_researcher": "0",
            "author_order": "2"
        }
    ],
    "current_organizational_memberships": [
        {
            "name": "Glass, Samuel V.",
            "station_id": "FPL",
            "unit_id": "4716",
            "team_id": "",
            "alias": "svglass",
            "user_id": "189",
            "is_employee_active": "1",
            "is_researcher": "1",
            "author_order": "1"
        },
        {
            "name": "TenWolde, Anton",
            "station_id": "FPL",
            "unit_id": "",
            "team_id": "",
            "alias": "",
            "user_id": "",
            "is_employee_active": "0",
            "is_researcher": "0",
            "author_order": "2"
        }
    ],
    "strategic_program_areas": "",
    "cris_projects": "",
    "experimental_forests": "",
    "eco_regions": "",
    "latlongs": "",
    "usnatforests": "",
    "countystates": ""
}