{
    "product_id": "1466",
    "ac22_approved_for_public": "1",
    "primary_station": "FPL",
    "historical_station": "OTHER",
    "entrystatus": "Published to Web",
    "product_type_id": "1",
    "product_type_desc": "Publication",
    "product_subtype_id": null,
    "product_subtype_desc": null,
    "referee_status_id": "2",
    "status_name": "Informally Refereed (Peer-Reviewed)",
    "pub_type_id": "53",
    "pub_type_desc": "Miscellaneous Publication",
    "title": "Effect of press-drying on static bending properties of plantation-grown No. 2 loblolly pine lumber",
    "product_year": " 2007",
    "abstract": null,
    "citation": "Stoker, Denise L.; Pearson, R.G.; Kretschmann, David E.; Tang, Yifu; Simpson, Bill. 2007. Effect of press-drying on static bending properties of plantation-grown No. 2 loblolly pine lumber.  Forest Products Journal 57(11) (Nov. 2007): 70-73.",
    "keywords": "",
    "doi": null,
    "url_binary_file": "https://www.fpl.fs.fed.us/documnts/pdf2007/fpl_2007_stoker001.pdf",
    "binary_filesize": "104 KB",
    "url_landing_page": "https://www.fs.usda.gov/treesearch/pubs/29761",
    "treesearch_pub_id": "29761",
    "pub_parent_id": null,
    "pub_child_number": null,
    "pub_parent_ind": "0",
    "pub_publication": null,
    "proceedings_ind": "0",
    "pub_volume": null,
    "pub_issue": null,
    "pub_page": null,
    "pub_page_start": null,
    "pub_page_end": null,
    "pub_source": "T",
    "geographic_terms": null,
    "issn_id": null,
    "is_early_release": "0",
    "created_on": "14-APR-2008 09:58:39",
    "modified_on": "18-NOV-2008 00:00:00",
    "send_to_reviewer_ind": "A",
    "publish_to_web_ind": "Y",
    "send_to_reviewer": null,
    "child_publications": "",
    "national_research_taxonomy_elements": "",
    "pub_authors": [
        {
            "name": "Stoker, Denise L.",
            "station_id": "",
            "unit_id": "",
            "team_id": "",
            "alias": "",
            "user_id": "",
            "is_employee_active": "0",
            "is_researcher": "0",
            "author_order": "1"
        },
        {
            "name": "Pearson, R.G.",
            "station_id": "",
            "unit_id": "",
            "team_id": "",
            "alias": "",
            "user_id": "",
            "is_employee_active": "0",
            "is_researcher": "0",
            "author_order": "2"
        },
        {
            "name": "Kretschmann, David E.",
            "station_id": "FPL",
            "unit_id": "4714",
            "team_id": "",
            "alias": "dkretschmann",
            "user_id": "97",
            "is_employee_active": "0",
            "is_researcher": "1",
            "author_order": "3"
        },
        {
            "name": "Tang, Yifu",
            "station_id": "",
            "unit_id": "",
            "team_id": "",
            "alias": "",
            "user_id": "",
            "is_employee_active": "0",
            "is_researcher": "0",
            "author_order": "4"
        },
        {
            "name": "Simpson, Bill",
            "station_id": "",
            "unit_id": "",
            "team_id": "",
            "alias": "",
            "user_id": "",
            "is_employee_active": "0",
            "is_researcher": "0",
            "author_order": "5"
        }
    ],
    "current_organizational_memberships": [
        {
            "name": "Stoker, Denise L.",
            "station_id": "",
            "unit_id": "",
            "team_id": "",
            "alias": "",
            "user_id": "",
            "is_employee_active": "0",
            "is_researcher": "0",
            "author_order": "1"
        },
        {
            "name": "Pearson, R.G.",
            "station_id": "",
            "unit_id": "",
            "team_id": "",
            "alias": "",
            "user_id": "",
            "is_employee_active": "0",
            "is_researcher": "0",
            "author_order": "2"
        },
        {
            "name": "Kretschmann, David E.",
            "station_id": "FPL",
            "unit_id": "4714",
            "team_id": "",
            "alias": "dkretschmann",
            "user_id": "97",
            "is_employee_active": "0",
            "is_researcher": "1",
            "author_order": "3"
        },
        {
            "name": "Tang, Yifu",
            "station_id": "",
            "unit_id": "",
            "team_id": "",
            "alias": "",
            "user_id": "",
            "is_employee_active": "0",
            "is_researcher": "0",
            "author_order": "4"
        },
        {
            "name": "Simpson, Bill",
            "station_id": "",
            "unit_id": "",
            "team_id": "",
            "alias": "",
            "user_id": "",
            "is_employee_active": "0",
            "is_researcher": "0",
            "author_order": "5"
        }
    ],
    "strategic_program_areas": "",
    "cris_projects": "",
    "experimental_forests": "",
    "eco_regions": "",
    "latlongs": "",
    "usnatforests": "",
    "countystates": ""
}