{
    "product_id": "3037",
    "ac22_approved_for_public": "1",
    "primary_station": "FPL",
    "historical_station": "OTHER",
    "entrystatus": "Published to Web",
    "product_type_id": "1",
    "product_type_desc": "Publication",
    "product_subtype_id": null,
    "product_subtype_desc": null,
    "referee_status_id": "2",
    "status_name": "Informally Refereed (Peer-Reviewed)",
    "pub_type_id": "53",
    "pub_type_desc": "Miscellaneous Publication",
    "title": "Violet light causes photodegradation of wood beyond the zone affected by ultraviolet radiation",
    "product_year": " 2007",
    "abstract": "The limited penetration of wood by light explains why the weathering of wood exposed outdoors is a surface phenomenon. Wood is rapidly degraded by short-wave-length UV radiation, but the penetration of light into wood is positively correlated with its wavelength. Hence, subsurface degradation is likely to be caused by longer-wavelength light that still has sufficient energy to degrade wood. In this paper we test this hypothesis and determine the wavelengths of visible light that extend photo-degradation into wood beyond the zone affected by UV radiation. Sugi (Cryptomeria japonica) earlywood was exposed to UV and visible light with narrow band gaps (20 nm) and the penetration of light into the wood was measured using a photodetector. Photodegradation was depth-profiled using FT-IR microscopy. There was a positive correlation between the penetration of light into sugi earlywood and the wavelength of the incident radiation within the range 246–496 nm. The depth of photodegradation also increased with wavelength up to and including the violet region (403 nm) of the visible spectrum. Blue light (434–496 nm) penetrated wood to a greater extent than violet light and was capable of bleaching the wood, but it did not significantly modify lignin, and hence it was not responsible for sub-surface photodegradation of wood. We conclude that violet light is the component of the visible spectrum that extends photodegradation into wood beyond the zone affected by UV radiation. Accordingly, surface treatments designed to protect wood used outdoors should shield wood from the effects of violet light.",
    "citation": "Kataoka, Yutaka; Kiguchi, Makoto; Williams, R. Sam; Evans, Philip D. 2007. Violet light causes photodegradation of wood beyond the zone affected by ultraviolet radiation.  Holzforschung. Vol. 61 (2007): pages 23-27.",
    "keywords": "Depth profile, FT-IR, photodegradation, sugi wood, ultraviolet radiation, violet light, visible light, wavelength, Crytomeria japonica, weathering, wood, deterioration, Fourier transform infrared microscopy, sugi, penetration, earlywood, photodegradation, degradation",
    "doi": null,
    "url_binary_file": "https://www.fpl.fs.fed.us/documnts/pdf2007/fpl_2007_kataoka001.pdf",
    "binary_filesize": "176 KB",
    "url_landing_page": "https://www.fs.usda.gov/treesearch/pubs/29235",
    "treesearch_pub_id": "29235",
    "pub_parent_id": null,
    "pub_child_number": null,
    "pub_parent_ind": "0",
    "pub_publication": "Holzforschung. Vol. 61 (2007): pages 23-27.",
    "proceedings_ind": "0",
    "pub_volume": null,
    "pub_issue": null,
    "pub_page": null,
    "pub_page_start": null,
    "pub_page_end": null,
    "pub_source": "T",
    "geographic_terms": null,
    "issn_id": null,
    "is_early_release": "0",
    "created_on": "08-JAN-2008 12:06:26",
    "modified_on": "08-JAN-2008 12:12:44",
    "send_to_reviewer_ind": "A",
    "publish_to_web_ind": "Y",
    "send_to_reviewer": null,
    "child_publications": "",
    "national_research_taxonomy_elements": "",
    "pub_authors": [
        {
            "name": "Kataoka, Yutaka",
            "station_id": "",
            "unit_id": "",
            "team_id": "",
            "alias": "",
            "user_id": "",
            "is_employee_active": "0",
            "is_researcher": "0",
            "author_order": "1"
        },
        {
            "name": "Kiguchi, Makoto",
            "station_id": "",
            "unit_id": "",
            "team_id": "",
            "alias": "",
            "user_id": "",
            "is_employee_active": "0",
            "is_researcher": "0",
            "author_order": "2"
        },
        {
            "name": "Williams, R. Sam",
            "station_id": "",
            "unit_id": "",
            "team_id": "",
            "alias": "",
            "user_id": "",
            "is_employee_active": "0",
            "is_researcher": "0",
            "author_order": "3"
        },
        {
            "name": "Evans, Philip D.",
            "station_id": "",
            "unit_id": "",
            "team_id": "",
            "alias": "",
            "user_id": "",
            "is_employee_active": "0",
            "is_researcher": "0",
            "author_order": "4"
        }
    ],
    "current_organizational_memberships": [
        {
            "name": "Kataoka, Yutaka",
            "station_id": "",
            "unit_id": "",
            "team_id": "",
            "alias": "",
            "user_id": "",
            "is_employee_active": "0",
            "is_researcher": "0",
            "author_order": "1"
        },
        {
            "name": "Kiguchi, Makoto",
            "station_id": "",
            "unit_id": "",
            "team_id": "",
            "alias": "",
            "user_id": "",
            "is_employee_active": "0",
            "is_researcher": "0",
            "author_order": "2"
        },
        {
            "name": "Williams, R. Sam",
            "station_id": "",
            "unit_id": "",
            "team_id": "",
            "alias": "",
            "user_id": "",
            "is_employee_active": "0",
            "is_researcher": "0",
            "author_order": "3"
        },
        {
            "name": "Evans, Philip D.",
            "station_id": "",
            "unit_id": "",
            "team_id": "",
            "alias": "",
            "user_id": "",
            "is_employee_active": "0",
            "is_researcher": "0",
            "author_order": "4"
        }
    ],
    "strategic_program_areas": "",
    "cris_projects": "",
    "experimental_forests": "",
    "eco_regions": "",
    "latlongs": "",
    "usnatforests": "",
    "countystates": ""
}