{
    "product_id": "2238",
    "ac22_approved_for_public": "1",
    "primary_station": "FPL",
    "historical_station": "OTHER",
    "entrystatus": "Published to Web",
    "product_type_id": "1",
    "product_type_desc": "Publication",
    "product_subtype_id": null,
    "product_subtype_desc": null,
    "referee_status_id": "2",
    "status_name": "Informally Refereed (Peer-Reviewed)",
    "pub_type_id": "53",
    "pub_type_desc": "Miscellaneous Publication",
    "title": "Acoustic assessment of wood quality of raw forest materials : a path to increased profitability",
    "product_year": " 2007",
    "abstract": "Assessment of the quality of raw wood materials has become a crucial issue in the operational value chain as forestry and the wood processing industry are increasingly under economic pressure to maximize extracted value. A significant effort has been devoted toward developing robust nondestructive evaluation (NDE) technologies capable of predicting the intrinsic wood properties of individual trees, stems, and logs, and assessing the value of stands and forests. Such technologies can help foresters make wise management decisions, grow higher quality wood, and lead to greater profitability for the forest industry.",
    "citation": "Wang, Xiping; Carter, Peter; Ross, Robert J.; Brashaw, Brian K. 2007. Acoustic assessment of wood quality of raw forest materials : a path to increased profitability.  Forest products journal.  Vol. 57, no. 5 (May 2007): Pages 6-14.",
    "keywords": "Mechanical properties, acoustic properties, raw materials, valuation, forestry, wood quality, grading, acoustic properties, nondestructive testing, tree quality, logs, standing trees, log quality, profitability, acoustic velocity, acoustic testing",
    "doi": null,
    "url_binary_file": "https://www.fpl.fs.fed.us/documnts/pdf2007/fpl_2007_wang003.pdf",
    "binary_filesize": "746 KB",
    "url_landing_page": "https://www.fs.usda.gov/treesearch/pubs/29166",
    "treesearch_pub_id": "29166",
    "pub_parent_id": null,
    "pub_child_number": null,
    "pub_parent_ind": "0",
    "pub_publication": "Forest products journal.  Vol. 57, no. 5 (May 2007): Pages 6-14.",
    "proceedings_ind": "0",
    "pub_volume": null,
    "pub_issue": null,
    "pub_page": null,
    "pub_page_start": null,
    "pub_page_end": null,
    "pub_source": "T",
    "geographic_terms": null,
    "issn_id": null,
    "is_early_release": "0",
    "created_on": "18-DEC-2007 13:48:39",
    "modified_on": "18-DEC-2007 13:56:41",
    "send_to_reviewer_ind": "A",
    "publish_to_web_ind": "Y",
    "send_to_reviewer": null,
    "child_publications": "",
    "national_research_taxonomy_elements": "",
    "pub_authors": [
        {
            "name": "Wang, Xiping",
            "station_id": "FPL",
            "unit_id": "4714",
            "team_id": "",
            "alias": "xwang",
            "user_id": "119",
            "is_employee_active": "1",
            "is_researcher": "1",
            "author_order": "1"
        },
        {
            "name": "Carter, Peter",
            "station_id": "",
            "unit_id": "",
            "team_id": "",
            "alias": "",
            "user_id": "",
            "is_employee_active": "0",
            "is_researcher": "0",
            "author_order": "2"
        },
        {
            "name": "Ross, Robert J.",
            "station_id": "FPL",
            "unit_id": "4714",
            "team_id": "",
            "alias": "rjross",
            "user_id": "132",
            "is_employee_active": "1",
            "is_researcher": "1",
            "author_order": "3"
        },
        {
            "name": "Brashaw, Brian K.",
            "station_id": "",
            "unit_id": "",
            "team_id": "",
            "alias": "",
            "user_id": "",
            "is_employee_active": "0",
            "is_researcher": "0",
            "author_order": "4"
        }
    ],
    "current_organizational_memberships": [
        {
            "name": "Wang, Xiping",
            "station_id": "FPL",
            "unit_id": "4714",
            "team_id": "",
            "alias": "xwang",
            "user_id": "119",
            "is_employee_active": "1",
            "is_researcher": "1",
            "author_order": "1"
        },
        {
            "name": "Carter, Peter",
            "station_id": "",
            "unit_id": "",
            "team_id": "",
            "alias": "",
            "user_id": "",
            "is_employee_active": "0",
            "is_researcher": "0",
            "author_order": "2"
        },
        {
            "name": "Ross, Robert J.",
            "station_id": "FPL",
            "unit_id": "4714",
            "team_id": "",
            "alias": "rjross",
            "user_id": "132",
            "is_employee_active": "1",
            "is_researcher": "1",
            "author_order": "3"
        },
        {
            "name": "Brashaw, Brian K.",
            "station_id": "",
            "unit_id": "",
            "team_id": "",
            "alias": "",
            "user_id": "",
            "is_employee_active": "0",
            "is_researcher": "0",
            "author_order": "4"
        }
    ],
    "strategic_program_areas": "",
    "cris_projects": "",
    "experimental_forests": "",
    "eco_regions": "",
    "latlongs": "",
    "usnatforests": "",
    "countystates": ""
}