{
    "product_id": "3154",
    "ac22_approved_for_public": "1",
    "primary_station": "FPL",
    "historical_station": "OTHER",
    "entrystatus": "Published to Web",
    "product_type_id": "1",
    "product_type_desc": "Publication",
    "product_subtype_id": null,
    "product_subtype_desc": null,
    "referee_status_id": "2",
    "status_name": "Informally Refereed (Peer-Reviewed)",
    "pub_type_id": "53",
    "pub_type_desc": "Miscellaneous Publication",
    "title": "Effects of plantation density on wood density and anatomical properties of red pine (Pinus resinosa Ait.)",
    "product_year": " 2007",
    "abstract": "This study demonstrated that average ring width (or average annual radial growth rate) is a reliable parameter to quantify the effects of tree plantation density (growth suppression) on wood density and tracheid anatomical properties. The average ring width successfully correlated wood density and tracheid anatomical properties of red pines (Pinus resinosa Ait.) from a never-thinned experimental plantation forest with five different initial plantation densities. The results indicate that plantation density has a pronounced effect on earlywood growth, which resulted in increased latewood volumetric fraction and uniform tracheid radial and wall thickness distribution. A similar approach of average ring width correlations may be applied to study wood and tracheid properties of trees growing in the densely populated natural forests.",
    "citation": "Zhu, J. Y.; Scott, C. Tim; Scallon, Karen L.; Myers, Gary C. 2007. Effects of plantation density on wood density and anatomical properties of red pine (Pinus resinosa Ait.).  Wood and fiber science.  Vol. 39, no. 3 (2007): pages 502-512.",
    "keywords": "Red pine, small-diameter trees, forest thinning, plantation density, pulp yield, tracheid (cell) geometry, SilviScan, maceration, radial growth, latewood content, tree farms, wood anatomy, wood density, pulping, tree-rings, suppressed growth, thinnings, stand density, utilization, Pinus resinosa, small timbers, smallwood, small diameter timber",
    "doi": null,
    "url_binary_file": "https://www.fpl.fs.fed.us/documnts/pdf2007/fpl_2007_zhu001.pdf",
    "binary_filesize": "399 KB",
    "url_landing_page": "https://www.fs.usda.gov/treesearch/pubs/29256",
    "treesearch_pub_id": "29256",
    "pub_parent_id": null,
    "pub_child_number": null,
    "pub_parent_ind": "0",
    "pub_publication": "Wood and fiber science.  Vol. 39, no. 3 (2007): pages 502-512.",
    "proceedings_ind": "0",
    "pub_volume": null,
    "pub_issue": null,
    "pub_page": null,
    "pub_page_start": null,
    "pub_page_end": null,
    "pub_source": "T",
    "geographic_terms": null,
    "issn_id": null,
    "is_early_release": "0",
    "created_on": "08-JAN-2008 14:14:17",
    "modified_on": "08-JAN-2008 14:19:34",
    "send_to_reviewer_ind": "A",
    "publish_to_web_ind": "Y",
    "send_to_reviewer": null,
    "child_publications": "",
    "national_research_taxonomy_elements": "",
    "pub_authors": [
        {
            "name": "Zhu, J. Y.",
            "station_id": "",
            "unit_id": "",
            "team_id": "",
            "alias": "",
            "user_id": "",
            "is_employee_active": "0",
            "is_researcher": "0",
            "author_order": "1"
        },
        {
            "name": "Scott, C. Tim",
            "station_id": "",
            "unit_id": "",
            "team_id": "",
            "alias": "",
            "user_id": "",
            "is_employee_active": "0",
            "is_researcher": "0",
            "author_order": "2"
        },
        {
            "name": "Scallon, Karen L.",
            "station_id": "",
            "unit_id": "",
            "team_id": "",
            "alias": "kscallon",
            "user_id": "55",
            "is_employee_active": "1",
            "is_researcher": "1",
            "author_order": "3"
        },
        {
            "name": "Myers, Gary C.",
            "station_id": "",
            "unit_id": "",
            "team_id": "",
            "alias": "",
            "user_id": "",
            "is_employee_active": "0",
            "is_researcher": "0",
            "author_order": "4"
        }
    ],
    "current_organizational_memberships": [
        {
            "name": "Zhu, J. Y.",
            "station_id": "",
            "unit_id": "",
            "team_id": "",
            "alias": "",
            "user_id": "",
            "is_employee_active": "0",
            "is_researcher": "0",
            "author_order": "1"
        },
        {
            "name": "Scott, C. Tim",
            "station_id": "",
            "unit_id": "",
            "team_id": "",
            "alias": "",
            "user_id": "",
            "is_employee_active": "0",
            "is_researcher": "0",
            "author_order": "2"
        },
        {
            "name": "Scallon, Karen L.",
            "station_id": "",
            "unit_id": "",
            "team_id": "",
            "alias": "kscallon",
            "user_id": "55",
            "is_employee_active": "1",
            "is_researcher": "1",
            "author_order": "3"
        },
        {
            "name": "Myers, Gary C.",
            "station_id": "",
            "unit_id": "",
            "team_id": "",
            "alias": "",
            "user_id": "",
            "is_employee_active": "0",
            "is_researcher": "0",
            "author_order": "4"
        }
    ],
    "strategic_program_areas": "",
    "cris_projects": "",
    "experimental_forests": "",
    "eco_regions": "",
    "latlongs": "",
    "usnatforests": "",
    "countystates": ""
}