{
    "product_id": "3137",
    "ac22_approved_for_public": "1",
    "primary_station": "NRS",
    "historical_station": "NE",
    "entrystatus": "Published to Web",
    "product_type_id": "1",
    "product_type_desc": "Publication",
    "product_subtype_id": null,
    "product_subtype_desc": null,
    "referee_status_id": "2",
    "status_name": "Informally Refereed (Peer-Reviewed)",
    "pub_type_id": "3",
    "pub_type_desc": "General Technical Report (GTR)",
    "title": "USDA Forest Service Global Change Research Program Highlights: 1991-1995",
    "product_year": " 1997",
    "abstract": "Summarizes research findings of the USDA Forest Service's Global Change Research Program. Research highlights are presented at national and regional scales within the following topic areas: atmosphere/biosphere gas and energy exchange; ecosystem dynamics; disturbance ecology; and human activities and natural resource interactions. Selected topics are reviewed in depth with individual papers covering the global carbon cycle, climate scenarios, multiple stress studies, changes in vegetation distribution, the United States carbon budget, and the human dimensions of global change. Also included is a progress report on development of an integrated national model of the effects of global change on forests and people.",
    "citation": "Birdsey, Richard; Mickler, Robert; Sandberg, David; Tinus, Richard; Zerbe, John; O'Brian, Kelly, eds. 1997. USDA Forest Service Global Change Research Program Highlights: 1991-1995. Gen. Tech. Rep. NE-237. Radnor, PA: U.S. Department of Agriculture, Forest Service, Northeastern Forest Experiment Station. 122 p. https://doi.org/10.2737/NE-GTR-237.",
    "keywords": "",
    "doi": "10.2737/NE-GTR-237",
    "url_binary_file": "https://www.fs.fed.us/nrs/pubs/gtr/gtr_ne237.pdf",
    "binary_filesize": "15.0 MB",
    "url_landing_page": "https://www.fs.usda.gov/treesearch/pubs/4431",
    "treesearch_pub_id": "4431",
    "pub_parent_id": null,
    "pub_child_number": null,
    "pub_parent_ind": "1",
    "pub_publication": "Gen. Tech. Rep. NE-237. Radnor, PA: U.S. Department of Agriculture, Forest Service, Northeastern Forest Experiment Station. 122 p.",
    "proceedings_ind": "0",
    "pub_volume": "237",
    "pub_issue": null,
    "pub_page": "122",
    "pub_page_start": "1",
    "pub_page_end": "122",
    "pub_source": "T",
    "geographic_terms": null,
    "issn_id": null,
    "is_early_release": "0",
    "created_on": null,
    "modified_on": "25-JUN-2019 10:04:17",
    "send_to_reviewer_ind": "A",
    "publish_to_web_ind": "Y",
    "send_to_reviewer": null,
    "child_publications": [
        {
            "treesearch_pub_id": "39033",
            "product_id": "40119",
            "pub_child_order": "14",
            "pub_parent_id": "4431",
            "product_title": "Models of regeneration, tree growth, and current and potential ranges of tree and mammal species in the Eastern U.S."
        }
    ],
    "national_research_taxonomy_elements": "",
    "pub_authors": [
        {
            "name": "Birdsey, Richard ",
            "station_id": "NRS",
            "unit_id": "15",
            "team_id": "",
            "alias": "Birdsey",
            "user_id": "328",
            "is_employee_active": "0",
            "is_researcher": "1",
            "author_order": "1"
        },
        {
            "name": "Mickler, Robert ",
            "station_id": "",
            "unit_id": "",
            "team_id": "",
            "alias": "",
            "user_id": "",
            "is_employee_active": "0",
            "is_researcher": "0",
            "author_order": "2"
        },
        {
            "name": "Sandberg, David ",
            "station_id": "",
            "unit_id": "",
            "team_id": "",
            "alias": "",
            "user_id": "",
            "is_employee_active": "0",
            "is_researcher": "0",
            "author_order": "3"
        },
        {
            "name": "Tinus, Richard ",
            "station_id": "",
            "unit_id": "",
            "team_id": "",
            "alias": "",
            "user_id": "",
            "is_employee_active": "0",
            "is_researcher": "0",
            "author_order": "4"
        },
        {
            "name": "Zerbe, John ",
            "station_id": "",
            "unit_id": "",
            "team_id": "",
            "alias": "jzerbe",
            "user_id": "5800",
            "is_employee_active": "0",
            "is_researcher": "1",
            "author_order": "5"
        },
        {
            "name": "O'Brian, Kelly  eds.",
            "station_id": "",
            "unit_id": "",
            "team_id": "",
            "alias": "",
            "user_id": "",
            "is_employee_active": "0",
            "is_researcher": "0",
            "author_order": "6"
        }
    ],
    "current_organizational_memberships": [
        {
            "name": "Birdsey, Richard ",
            "station_id": "NRS",
            "unit_id": "15",
            "team_id": "",
            "alias": "Birdsey",
            "user_id": "328",
            "is_employee_active": "0",
            "is_researcher": "1",
            "author_order": "1"
        },
        {
            "name": "Mickler, Robert ",
            "station_id": "",
            "unit_id": "",
            "team_id": "",
            "alias": "",
            "user_id": "",
            "is_employee_active": "0",
            "is_researcher": "0",
            "author_order": "2"
        },
        {
            "name": "Sandberg, David ",
            "station_id": "",
            "unit_id": "",
            "team_id": "",
            "alias": "",
            "user_id": "",
            "is_employee_active": "0",
            "is_researcher": "0",
            "author_order": "3"
        },
        {
            "name": "Tinus, Richard ",
            "station_id": "",
            "unit_id": "",
            "team_id": "",
            "alias": "",
            "user_id": "",
            "is_employee_active": "0",
            "is_researcher": "0",
            "author_order": "4"
        },
        {
            "name": "Zerbe, John ",
            "station_id": "FPL",
            "unit_id": "TMU",
            "team_id": "",
            "alias": "jzerbe",
            "user_id": "5800",
            "is_employee_active": "0",
            "is_researcher": "1",
            "author_order": "5"
        },
        {
            "name": "O'Brian, Kelly  eds.",
            "station_id": "",
            "unit_id": "",
            "team_id": "",
            "alias": "",
            "user_id": "",
            "is_employee_active": "0",
            "is_researcher": "0",
            "author_order": "6"
        }
    ],
    "strategic_program_areas": "",
    "cris_projects": "",
    "experimental_forests": "",
    "eco_regions": "",
    "latlongs": "",
    "usnatforests": "",
    "countystates": ""
}