{
    "product_id": "1287",
    "ac22_approved_for_public": "1",
    "primary_station": "PNW",
    "historical_station": "PNW",
    "entrystatus": "Published to Web",
    "product_type_id": "1",
    "product_type_desc": "Publication",
    "product_subtype_id": null,
    "product_subtype_desc": null,
    "referee_status_id": "2",
    "status_name": "Informally Refereed (Peer-Reviewed)",
    "pub_type_id": "8",
    "pub_type_desc": "Research Note (RN)",
    "title": "Incidence of decay fungi in stumps of two thinned western larch stands in northeastern Oregon.",
    "product_year": " 1987",
    "abstract": "Incidence of decay fungi was measured in stumps from two thinned western larch (<em>Larix occidentalis</em> Nutt.) stands (9 and 15 years after thinning), one precommercially thinned and one commercially thinned, in northeastern Oregon. Ten species of decay fungi were positively identified from 180 stumps. Two root pathogenic species, <em>Heterobasidion annosum</em> (Fr.) Bref. and <em>Armillaria obscura</em> (Pers.) Herink Roll-Hansen, were found at relatively low frequencies. Most of the decay in the stumps was caused by either <em>Fomitopsis pinicola</em> (Swartz ex Fr.) Karst. or <em>Trichaptum abietinum</em> (Dicks, ex Fr.) Ryv., which normally are saprophytic wood decomposers.",
    "citation": "Filip, Gregory M.; Parks, Catherine A.; Seidel, Kenneth W.; Lombard, Frances F. 1987. Incidence of decay fungi in stumps of two thinned western larch stands in northeastern Oregon.  Res. Note PNW-RN-468. Portland, OR: U.S. Department of Agriculture, Forest Service, Pacific Northwest Research Station. 6 p",
    "keywords": "Decay fungi, thinning, western larch, Oregon",
    "doi": "10.2737/PNW-RN-468",
    "url_binary_file": "https://www.fs.fed.us/pnw/pubs/pnw_rn468.pdf",
    "binary_filesize": "223 KB",
    "url_landing_page": "https://www.fs.usda.gov/treesearch/pubs/25081",
    "treesearch_pub_id": "25081",
    "pub_parent_id": null,
    "pub_child_number": null,
    "pub_parent_ind": "0",
    "pub_publication": "Res. Note PNW-RN-468. Portland, OR: U.S. Department of Agriculture, Forest Service, Pacific Northwest Research Station. 6 p",
    "proceedings_ind": "0",
    "pub_volume": "468",
    "pub_issue": null,
    "pub_page": null,
    "pub_page_start": null,
    "pub_page_end": null,
    "pub_source": "T",
    "geographic_terms": null,
    "issn_id": null,
    "is_early_release": "0",
    "created_on": "29-NOV-2006 19:21:05",
    "modified_on": "05-JUL-2012 10:22:22",
    "send_to_reviewer_ind": "A",
    "publish_to_web_ind": "Y",
    "send_to_reviewer": "05-JUL-2012 10:20:00",
    "child_publications": "",
    "national_research_taxonomy_elements": [
        {
            "nrt_id": "23",
            "nrt_title": "Mycology"
        },
        {
            "nrt_id": "25",
            "nrt_title": "Plant diseases"
        }
    ],
    "pub_authors": [
        {
            "name": "Filip, Gregory M.",
            "station_id": "",
            "unit_id": "",
            "team_id": "",
            "alias": "",
            "user_id": "",
            "is_employee_active": "0",
            "is_researcher": "0",
            "author_order": "1"
        },
        {
            "name": "Parks, Catherine A.",
            "station_id": "PNW",
            "unit_id": "4577",
            "team_id": "",
            "alias": "cparks01",
            "user_id": "964",
            "is_employee_active": "0",
            "is_researcher": "1",
            "author_order": "2"
        },
        {
            "name": "Seidel, Kenneth W.",
            "station_id": "",
            "unit_id": "",
            "team_id": "",
            "alias": "",
            "user_id": "",
            "is_employee_active": "0",
            "is_researcher": "0",
            "author_order": "3"
        },
        {
            "name": "Lombard, Frances F.",
            "station_id": "FPL",
            "unit_id": "",
            "team_id": "",
            "alias": "",
            "user_id": "",
            "is_employee_active": "0",
            "is_researcher": "0",
            "author_order": "4"
        }
    ],
    "current_organizational_memberships": [
        {
            "name": "Filip, Gregory M.",
            "station_id": "",
            "unit_id": "",
            "team_id": "",
            "alias": "",
            "user_id": "",
            "is_employee_active": "0",
            "is_researcher": "0",
            "author_order": "1"
        },
        {
            "name": "Parks, Catherine A.",
            "station_id": "PNW",
            "unit_id": "2677",
            "team_id": "",
            "alias": "cparks01",
            "user_id": "964",
            "is_employee_active": "0",
            "is_researcher": "1",
            "author_order": "2"
        },
        {
            "name": "Seidel, Kenneth W.",
            "station_id": "",
            "unit_id": "",
            "team_id": "",
            "alias": "",
            "user_id": "",
            "is_employee_active": "0",
            "is_researcher": "0",
            "author_order": "3"
        },
        {
            "name": "Lombard, Frances F.",
            "station_id": "FPL",
            "unit_id": "",
            "team_id": "",
            "alias": "",
            "user_id": "",
            "is_employee_active": "0",
            "is_researcher": "0",
            "author_order": "4"
        }
    ],
    "strategic_program_areas": "",
    "cris_projects": "",
    "experimental_forests": "",
    "eco_regions": "",
    "latlongs": "",
    "usnatforests": "",
    "countystates": ""
}