{
    "product_id": "579",
    "ac22_approved_for_public": "1",
    "primary_station": "FPL",
    "historical_station": "FPL",
    "entrystatus": "Published to Web",
    "product_type_id": "1",
    "product_type_desc": "Publication",
    "product_subtype_id": null,
    "product_subtype_desc": null,
    "referee_status_id": "2",
    "status_name": "Informally Refereed (Peer-Reviewed)",
    "pub_type_id": "7",
    "pub_type_desc": "Research Paper (RP)",
    "title": "Acoustic tomography for decay detection in red oak trees",
    "product_year": " 2007",
    "abstract": "The science of tree stability analysis uses both biological and engineering principles in attempting to rate a tree’s structural soundness and make reasonable predictions of potential for failure. In such analysis, arborists are often challenged by internal structural defects hidden from view within the trunks. This paper reports the results of an investigation using acoustic tomography to detect internal decay in park trees. Two century- old red oak (Quercus rubra) trees located at the Capitol Park in Madison, Wisconsin, were nondestructively evaluated using an acoustic tomography technique. The trees were subsequently felled, and a disk at each test location was obtained and examined. We found that the light-colored zones in the tomograms were larger than the true decay present in the disks. The oversized light-colored areas were the composite effects of both decay and large internal cracks. The results of this study demonstrated that acoustic tomograhy cannot distinguish between large internal cracks and heartwood decay. To make a better assessment of internal condition for urban trees, resistance microdrilling should also be used prior to tree removal.",
    "citation": "Wang, Xiping; Allison, R. Bruce; Wang, Lihai; Ross, Robert J. 2007. Acoustic tomography for decay detection in red oak trees.  Research Paper FPL-RP-642. Madison, WI: U.S. Department of Agriculture, Forest Service, Forest Products Laboratory. 7 pages.",
    "keywords": "Acoustic tomography, crack, decay, tree stability",
    "doi": "10.2737/FPL-RP-642",
    "url_binary_file": "https://www.fpl.fs.fed.us/documnts/fplrp/fpl_rp642.pdf",
    "binary_filesize": "886 KB",
    "url_landing_page": "https://www.fs.usda.gov/treesearch/pubs/28974",
    "treesearch_pub_id": "28974",
    "pub_parent_id": null,
    "pub_child_number": null,
    "pub_parent_ind": "0",
    "pub_publication": "Research Paper FPL-RP-642. Madison, WI: U.S. Department of Agriculture, Forest Service, Forest Products Laboratory. 7 pages.",
    "proceedings_ind": "0",
    "pub_volume": "642",
    "pub_issue": null,
    "pub_page": null,
    "pub_page_start": null,
    "pub_page_end": null,
    "pub_source": "T",
    "geographic_terms": null,
    "issn_id": null,
    "is_early_release": "0",
    "created_on": "08-NOV-2007 16:09:09",
    "modified_on": "08-NOV-2007 16:16:58",
    "send_to_reviewer_ind": "A",
    "publish_to_web_ind": "Y",
    "send_to_reviewer": null,
    "child_publications": "",
    "national_research_taxonomy_elements": "",
    "pub_authors": [
        {
            "name": "Wang, Xiping",
            "station_id": "FPL",
            "unit_id": "4714",
            "team_id": "",
            "alias": "xwang",
            "user_id": "119",
            "is_employee_active": "1",
            "is_researcher": "1",
            "author_order": "1"
        },
        {
            "name": "Allison, R. Bruce",
            "station_id": "",
            "unit_id": "",
            "team_id": "",
            "alias": "",
            "user_id": "",
            "is_employee_active": "0",
            "is_researcher": "0",
            "author_order": "2"
        },
        {
            "name": "Wang, Lihai",
            "station_id": "",
            "unit_id": "",
            "team_id": "",
            "alias": "",
            "user_id": "",
            "is_employee_active": "0",
            "is_researcher": "0",
            "author_order": "3"
        },
        {
            "name": "Ross, Robert J.",
            "station_id": "FPL",
            "unit_id": "4714",
            "team_id": "",
            "alias": "rjross",
            "user_id": "132",
            "is_employee_active": "1",
            "is_researcher": "1",
            "author_order": "4"
        }
    ],
    "current_organizational_memberships": [
        {
            "name": "Wang, Xiping",
            "station_id": "FPL",
            "unit_id": "4714",
            "team_id": "",
            "alias": "xwang",
            "user_id": "119",
            "is_employee_active": "1",
            "is_researcher": "1",
            "author_order": "1"
        },
        {
            "name": "Allison, R. Bruce",
            "station_id": "",
            "unit_id": "",
            "team_id": "",
            "alias": "",
            "user_id": "",
            "is_employee_active": "0",
            "is_researcher": "0",
            "author_order": "2"
        },
        {
            "name": "Wang, Lihai",
            "station_id": "",
            "unit_id": "",
            "team_id": "",
            "alias": "",
            "user_id": "",
            "is_employee_active": "0",
            "is_researcher": "0",
            "author_order": "3"
        },
        {
            "name": "Ross, Robert J.",
            "station_id": "FPL",
            "unit_id": "4714",
            "team_id": "",
            "alias": "rjross",
            "user_id": "132",
            "is_employee_active": "1",
            "is_researcher": "1",
            "author_order": "4"
        }
    ],
    "strategic_program_areas": "",
    "cris_projects": "",
    "experimental_forests": "",
    "eco_regions": "",
    "latlongs": "",
    "usnatforests": "",
    "countystates": ""
}