{
    "product_id": "2190",
    "ac22_approved_for_public": "1",
    "primary_station": "FPL",
    "historical_station": "FPL",
    "entrystatus": "Published to Web",
    "product_type_id": "1",
    "product_type_desc": "Publication",
    "product_subtype_id": null,
    "product_subtype_desc": null,
    "referee_status_id": "2",
    "status_name": "Informally Refereed (Peer-Reviewed)",
    "pub_type_id": "7",
    "pub_type_desc": "Research Paper (RP)",
    "title": "An assessment of training needs for the lumber manufacturing industry in the eastern United States",
    "product_year": " 2008",
    "abstract": "A training needs assessment of the primary forest products industry was conducted for 33 eastern states.  his publication presents in detail the statistical analysis of the study. Of the 2,570 lumber manufacturing companies, consisting of firms with more than six employees for the U.S. Department of Labor Standard Industrial Classification Code 2421, the response rate to the survey was 18.1%. The study found that over the next 5 years, 36% of the current skilled positions are projected to be replaced. Based on the number of new key employees that will be needed to replace current employees, the most important fields are lumber grading, millwrighting, and sawyers. Employers are willing to send their employees to training programs, especially those programs that are three to five days in length. The maximum travel distances a regionalized training center should expect to draw from is a 275-mile radius. Employers would be most interested in the core programs of wood products curriculum offered at community colleges in the past, including lumber inspection, sawyer training, and saw filing training.  illwrighting subjects also ranked highly with employers.",
    "citation": "Denig, Joseph; Page, Scott; Su, Yuhua; Martinson, Karen. 2008. An assessment of training needs for the lumber manufacturing industry in the eastern United States.  Research Paper FPL-RP-646. Madison, WI: U.S. Department of Agriculture, Forest Service, Forest Products Laboratory. 7 pages",
    "keywords": "Lumber manufacturing industry, training needs assessment, wood product program, Haywood Community College, lumber trade, employees",
    "doi": "10.2737/FPL-RP-646",
    "url_binary_file": "https://www.fpl.fs.fed.us/documnts/fplrp/fpl_rp646.pdf",
    "binary_filesize": "582 KB",
    "url_landing_page": "https://www.fs.usda.gov/treesearch/pubs/29849",
    "treesearch_pub_id": "29849",
    "pub_parent_id": null,
    "pub_child_number": null,
    "pub_parent_ind": "0",
    "pub_publication": "Research Paper FPL-RP-646. Madison, WI: U.S. Department of Agriculture, Forest Service, Forest Products Laboratory. 7 pages",
    "proceedings_ind": "0",
    "pub_volume": "646",
    "pub_issue": null,
    "pub_page": null,
    "pub_page_start": null,
    "pub_page_end": null,
    "pub_source": "T",
    "geographic_terms": null,
    "issn_id": null,
    "is_early_release": "0",
    "created_on": "25-APR-2008 17:00:07",
    "modified_on": "25-APR-2008 17:02:52",
    "send_to_reviewer_ind": "A",
    "publish_to_web_ind": "Y",
    "send_to_reviewer": null,
    "child_publications": "",
    "national_research_taxonomy_elements": "",
    "pub_authors": [
        {
            "name": "Denig, Joseph",
            "station_id": "",
            "unit_id": "",
            "team_id": "",
            "alias": "",
            "user_id": "",
            "is_employee_active": "0",
            "is_researcher": "0",
            "author_order": "1"
        },
        {
            "name": "Page, Scott",
            "station_id": "",
            "unit_id": "",
            "team_id": "",
            "alias": "",
            "user_id": "",
            "is_employee_active": "0",
            "is_researcher": "0",
            "author_order": "2"
        },
        {
            "name": "Su, Yuhua",
            "station_id": "",
            "unit_id": "",
            "team_id": "",
            "alias": "",
            "user_id": "",
            "is_employee_active": "0",
            "is_researcher": "0",
            "author_order": "3"
        },
        {
            "name": "Martinson, Karen",
            "station_id": "FPL",
            "unit_id": "OC",
            "team_id": "",
            "alias": "klmartinson",
            "user_id": "151",
            "is_employee_active": "0",
            "is_researcher": "0",
            "author_order": "4"
        }
    ],
    "current_organizational_memberships": [
        {
            "name": "Denig, Joseph",
            "station_id": "",
            "unit_id": "",
            "team_id": "",
            "alias": "",
            "user_id": "",
            "is_employee_active": "0",
            "is_researcher": "0",
            "author_order": "1"
        },
        {
            "name": "Page, Scott",
            "station_id": "",
            "unit_id": "",
            "team_id": "",
            "alias": "",
            "user_id": "",
            "is_employee_active": "0",
            "is_researcher": "0",
            "author_order": "2"
        },
        {
            "name": "Su, Yuhua",
            "station_id": "",
            "unit_id": "",
            "team_id": "",
            "alias": "",
            "user_id": "",
            "is_employee_active": "0",
            "is_researcher": "0",
            "author_order": "3"
        },
        {
            "name": "Martinson, Karen",
            "station_id": "FPL",
            "unit_id": "OC",
            "team_id": "",
            "alias": "klmartinson",
            "user_id": "151",
            "is_employee_active": "0",
            "is_researcher": "0",
            "author_order": "4"
        }
    ],
    "strategic_program_areas": "",
    "cris_projects": "",
    "experimental_forests": "",
    "eco_regions": "",
    "latlongs": "",
    "usnatforests": "",
    "countystates": ""
}