{
    "product_id": "1383",
    "ac22_approved_for_public": "1",
    "primary_station": "SRS",
    "historical_station": "OTHER",
    "entrystatus": "Published to Web",
    "product_type_id": "1",
    "product_type_desc": "Publication",
    "product_subtype_id": null,
    "product_subtype_desc": null,
    "referee_status_id": "2",
    "status_name": "Informally Refereed (Peer-Reviewed)",
    "pub_type_id": "1",
    "pub_type_desc": "Scientific Journal (JRNL)",
    "title": "Old resinous turpentine stumps as an indicator of the range of longleaf pine in Southeastern Virginia",
    "product_year": " 2006",
    "abstract": "Wood anatomy cannot be used to differentiate between the southern yellow pine species. Wood samples collected from old resinous turpentine stumps in coastal Virginia were subjected to chemical and spectroscopic analyses in an effort to determine if they could be identified as longleaf pine. The age and resinous nature of the samples were manifested in high specific gravities, the presence of oxidized monoterpenes, and the ability to be grouped separately from wood from recently harvested trees by NIR spectroscopy. Since there are no standards for old resinous pine stumps, studies are continuing to determine changes that occur in longleaf pine stumps aged under field conditions.",
    "citation": "Eberhardt, Thomas L.; Sheridan, Philip M.; Mahfouz, Jolie M.; So, Chi-Leung. 2006. Old resinous turpentine stumps as an indicator of the range of longleaf pine in Southeastern Virginia.  In: Longleaf Pine: seeing the forest through the trees, Proceedings of the Sixth Longleaf Alliance Regional Conference. 6 p.",
    "keywords": "",
    "doi": null,
    "url_binary_file": "https://www.srs.fs.usda.gov/pubs/ja/ja_eberhardt009.pdf",
    "binary_filesize": "875 KB",
    "url_landing_page": "https://www.fs.usda.gov/treesearch/pubs/29091",
    "treesearch_pub_id": "29091",
    "pub_parent_id": null,
    "pub_child_number": null,
    "pub_parent_ind": "0",
    "pub_publication": "In: Longleaf Pine: seeing the forest through the trees, Proceedings of the Sixth Longleaf Alliance Regional Conference. 6 p.",
    "proceedings_ind": "0",
    "pub_volume": null,
    "pub_issue": null,
    "pub_page": null,
    "pub_page_start": null,
    "pub_page_end": null,
    "pub_source": "T",
    "geographic_terms": null,
    "issn_id": null,
    "is_early_release": "0",
    "created_on": "04-DEC-2007 10:03:25",
    "modified_on": "04-DEC-2007 17:09:33",
    "send_to_reviewer_ind": "A",
    "publish_to_web_ind": "Y",
    "send_to_reviewer": null,
    "child_publications": "",
    "national_research_taxonomy_elements": "",
    "pub_authors": [
        {
            "name": "Eberhardt, Thomas L.",
            "station_id": "SRS",
            "unit_id": "4704",
            "team_id": "",
            "alias": "teberhardt",
            "user_id": "2723",
            "is_employee_active": "1",
            "is_researcher": "1",
            "author_order": "1"
        },
        {
            "name": "Sheridan, Philip M.",
            "station_id": "",
            "unit_id": "",
            "team_id": "",
            "alias": "",
            "user_id": "",
            "is_employee_active": "0",
            "is_researcher": "0",
            "author_order": "2"
        },
        {
            "name": "Mahfouz, Jolie M.",
            "station_id": "SRS",
            "unit_id": "4552",
            "team_id": "",
            "alias": "jmahfouz",
            "user_id": "2469",
            "is_employee_active": "0",
            "is_researcher": "1",
            "author_order": "3"
        },
        {
            "name": "So, Chi-Leung",
            "station_id": "",
            "unit_id": "",
            "team_id": "",
            "alias": "",
            "user_id": "",
            "is_employee_active": "0",
            "is_researcher": "0",
            "author_order": "4"
        }
    ],
    "current_organizational_memberships": [
        {
            "name": "Eberhardt, Thomas L.",
            "station_id": "FPL",
            "unit_id": "4715",
            "team_id": "",
            "alias": "teberhardt",
            "user_id": "2723",
            "is_employee_active": "1",
            "is_researcher": "1",
            "author_order": "1"
        },
        {
            "name": "Sheridan, Philip M.",
            "station_id": "",
            "unit_id": "",
            "team_id": "",
            "alias": "",
            "user_id": "",
            "is_employee_active": "0",
            "is_researcher": "0",
            "author_order": "2"
        },
        {
            "name": "Mahfouz, Jolie M.",
            "station_id": "SRS",
            "unit_id": "4552",
            "team_id": "",
            "alias": "jmahfouz",
            "user_id": "2469",
            "is_employee_active": "0",
            "is_researcher": "1",
            "author_order": "3"
        },
        {
            "name": "So, Chi-Leung",
            "station_id": "",
            "unit_id": "",
            "team_id": "",
            "alias": "",
            "user_id": "",
            "is_employee_active": "0",
            "is_researcher": "0",
            "author_order": "4"
        }
    ],
    "strategic_program_areas": "",
    "cris_projects": "",
    "experimental_forests": "",
    "eco_regions": "",
    "latlongs": "",
    "usnatforests": "",
    "countystates": ""
}