{
    "product_id": "1801",
    "ac22_approved_for_public": "1",
    "primary_station": "SRS",
    "historical_station": "OTHER",
    "entrystatus": "Published to Web",
    "product_type_id": "1",
    "product_type_desc": "Publication",
    "product_subtype_id": null,
    "product_subtype_desc": null,
    "referee_status_id": "2",
    "status_name": "Informally Refereed (Peer-Reviewed)",
    "pub_type_id": "1",
    "pub_type_desc": "Scientific Journal (JRNL)",
    "title": "Influence of a mineral insecticide particle size on bait efficacy against <i>Reticulitermes flavipes</i> (Isoptera: Rhinotermitidae)",
    "product_year": " 2007",
    "abstract": "We examined the efficacy of termiticidal baits comprised of powdered acellulose and a mineral insecticide, cryolite crystals, in laboratory bioassays against pseudergates of Eastern subterranean termites [<i>Reticulitermes flavipes</i> (Kollar)]. The influence of cryolite crystal size [0 (control), 0.2, and 20 pm diameter particles] on the overall mortality of termites consuming the bait was determined in forced feeding bioassays. Only baits containing 20 pm diameter cryolite crystals increased termite mortality significantly above the control treatment. An additional study examining feeding on stained bait (control and 20 pm diameter cryolite crystals only) indicated that termites will consume the bait, and that termite mortality from feeding on the bait increases over time.",
    "citation": "Shelton, Thomas g.; Cartier, Laurent; Wagner, Terence L.; Becker, Christian. 2007. Influence of a mineral insecticide particle size on bait efficacy against <i>Reticulitermes flavipes</i> (Isoptera: Rhinotermitidae).  Sociobiology, Vol. 50(2): 521-533",
    "keywords": "termite control, baits, inorganic pesticides, Reticulitermes flavipeS",
    "doi": null,
    "url_binary_file": "https://www.srs.fs.usda.gov/pubs/ja/ja_shelton021.pdf",
    "binary_filesize": "1.22 MB",
    "url_landing_page": "https://www.fs.usda.gov/treesearch/pubs/29805",
    "treesearch_pub_id": "29805",
    "pub_parent_id": null,
    "pub_child_number": null,
    "pub_parent_ind": "0",
    "pub_publication": "Sociobiology, Vol. 50(2): 521-533",
    "proceedings_ind": "0",
    "pub_volume": null,
    "pub_issue": null,
    "pub_page": null,
    "pub_page_start": null,
    "pub_page_end": null,
    "pub_source": "T",
    "geographic_terms": null,
    "issn_id": null,
    "is_early_release": "0",
    "created_on": "17-APR-2008 14:01:17",
    "modified_on": "17-APR-2008 15:09:05",
    "send_to_reviewer_ind": "A",
    "publish_to_web_ind": "Y",
    "send_to_reviewer": null,
    "child_publications": "",
    "national_research_taxonomy_elements": "",
    "pub_authors": [
        {
            "name": "Shelton, Thomas g.",
            "station_id": "SRS",
            "unit_id": "4552",
            "team_id": "",
            "alias": "tshelton",
            "user_id": "2431",
            "is_employee_active": "1",
            "is_researcher": "1",
            "author_order": "1"
        },
        {
            "name": "Cartier, Laurent",
            "station_id": "",
            "unit_id": "",
            "team_id": "",
            "alias": "",
            "user_id": "",
            "is_employee_active": "0",
            "is_researcher": "0",
            "author_order": "2"
        },
        {
            "name": "Wagner, Terence L.",
            "station_id": "",
            "unit_id": "",
            "team_id": "",
            "alias": "",
            "user_id": "",
            "is_employee_active": "0",
            "is_researcher": "0",
            "author_order": "3"
        },
        {
            "name": "Becker, Christian",
            "station_id": "",
            "unit_id": "",
            "team_id": "",
            "alias": "",
            "user_id": "",
            "is_employee_active": "0",
            "is_researcher": "0",
            "author_order": "4"
        }
    ],
    "current_organizational_memberships": [
        {
            "name": "Shelton, Thomas g.",
            "station_id": "FPL",
            "unit_id": "4723",
            "team_id": "",
            "alias": "tshelton",
            "user_id": "2431",
            "is_employee_active": "1",
            "is_researcher": "1",
            "author_order": "1"
        },
        {
            "name": "Cartier, Laurent",
            "station_id": "",
            "unit_id": "",
            "team_id": "",
            "alias": "",
            "user_id": "",
            "is_employee_active": "0",
            "is_researcher": "0",
            "author_order": "2"
        },
        {
            "name": "Wagner, Terence L.",
            "station_id": "",
            "unit_id": "",
            "team_id": "",
            "alias": "",
            "user_id": "",
            "is_employee_active": "0",
            "is_researcher": "0",
            "author_order": "3"
        },
        {
            "name": "Becker, Christian",
            "station_id": "",
            "unit_id": "",
            "team_id": "",
            "alias": "",
            "user_id": "",
            "is_employee_active": "0",
            "is_researcher": "0",
            "author_order": "4"
        }
    ],
    "strategic_program_areas": "",
    "cris_projects": "",
    "experimental_forests": "",
    "eco_regions": "",
    "latlongs": "",
    "usnatforests": "",
    "countystates": ""
}