{
    "product_id": "1759",
    "ac22_approved_for_public": "1",
    "primary_station": "FPL",
    "historical_station": "OTHER",
    "entrystatus": "Published to Web",
    "product_type_id": "1",
    "product_type_desc": "Publication",
    "product_subtype_id": null,
    "product_subtype_desc": null,
    "referee_status_id": "2",
    "status_name": "Informally Refereed (Peer-Reviewed)",
    "pub_type_id": "53",
    "pub_type_desc": "Miscellaneous Publication",
    "title": "Wood",
    "product_year": " 2006",
    "abstract": "Wood is a naturally formed organic material consisting essentially of elongated tubular elements called cells arranged in a parallel manner for the most part. These cells vary in dimensions and wall thickness with position in the tree, age, conditions of growth, and kind of tree. The walls of the cells are formed principally of chain molecules of cellulose, polymerized from glucose residues and oriented as a partly crystalline material. These chains are aggregated in the cell wall at a variable angle, roughly parallel to the axis of the cell. The cells are cemented by an amorphous material called lignin. The complex structure of the gross wood approximates a rhombic system. The direction parallel to the grain and the axis of the stem is longitudinal (L), the two axes across the grain are radial (R) and tangential (T) with respect to the cylinder of the tree stem. This anisotropy and the molecular orientation account for the major differences in physical and mechanical properties with respect to direction which are present in wood.",
    "citation": "Green, David W.; White, Robert H.; TenWolde, Antoni; Simpson, William; Murphy, Joseph; Ross, Robert J.; Hernandez, Roland; Lebow, Stan T. 2006. Wood.  Marks'' standard handbook for mechanical engineers.  New York : McGraw-Hill, 2006: ISBN: 0071428674: 9780071428675: Pages 6.115-6.131",
    "keywords": "Wood density, wood moisture, composite materials, mechanical properties, lumber, wood chemistry, lignin, structure, wood, nomenclature, mechanical properties, wood properties, thermal properties, elasticity, wood, wood construction",
    "doi": null,
    "url_binary_file": "https://www.fpl.fs.fed.us/documnts/pdf2007/fpl_2007_green001.pdf",
    "binary_filesize": "534 KB",
    "url_landing_page": "https://www.fs.usda.gov/treesearch/pubs/29800",
    "treesearch_pub_id": "29800",
    "pub_parent_id": null,
    "pub_child_number": null,
    "pub_parent_ind": "0",
    "pub_publication": "Marks' standard handbook for mechanical engineers.  New York : McGraw-Hill, 2006: ISBN: 0071428674: 9780071428675: Pages 6.115-6.131",
    "proceedings_ind": "0",
    "pub_volume": null,
    "pub_issue": null,
    "pub_page": null,
    "pub_page_start": null,
    "pub_page_end": null,
    "pub_source": "T",
    "geographic_terms": null,
    "issn_id": null,
    "is_early_release": "0",
    "created_on": "16-APR-2008 13:40:43",
    "modified_on": "16-APR-2008 13:50:27",
    "send_to_reviewer_ind": "A",
    "publish_to_web_ind": "Y",
    "send_to_reviewer": null,
    "child_publications": "",
    "national_research_taxonomy_elements": "",
    "pub_authors": [
        {
            "name": "Green, David W.",
            "station_id": "",
            "unit_id": "",
            "team_id": "",
            "alias": "",
            "user_id": "",
            "is_employee_active": "0",
            "is_researcher": "0",
            "author_order": "1"
        },
        {
            "name": "White, Robert H.",
            "station_id": "FPL",
            "unit_id": "4725",
            "team_id": "",
            "alias": "rhwhite",
            "user_id": "24",
            "is_employee_active": "0",
            "is_researcher": "1",
            "author_order": "2"
        },
        {
            "name": "TenWolde, Antoni",
            "station_id": "",
            "unit_id": "",
            "team_id": "",
            "alias": "",
            "user_id": "",
            "is_employee_active": "0",
            "is_researcher": "0",
            "author_order": "3"
        },
        {
            "name": "Simpson, William",
            "station_id": "",
            "unit_id": "",
            "team_id": "",
            "alias": "",
            "user_id": "",
            "is_employee_active": "0",
            "is_researcher": "0",
            "author_order": "4"
        },
        {
            "name": "Murphy, Joseph",
            "station_id": "FPL",
            "unit_id": "EMRSL",
            "team_id": "",
            "alias": "jfmurphy",
            "user_id": "155",
            "is_employee_active": "0",
            "is_researcher": "0",
            "author_order": "5"
        },
        {
            "name": "Ross, Robert J.",
            "station_id": "FPL",
            "unit_id": "4714",
            "team_id": "",
            "alias": "rjross",
            "user_id": "132",
            "is_employee_active": "1",
            "is_researcher": "1",
            "author_order": "6"
        },
        {
            "name": "Hernandez, Roland",
            "station_id": "",
            "unit_id": "",
            "team_id": "",
            "alias": "",
            "user_id": "",
            "is_employee_active": "0",
            "is_researcher": "0",
            "author_order": "7"
        },
        {
            "name": "Lebow, Stan T.",
            "station_id": "FPL",
            "unit_id": "4723",
            "team_id": "",
            "alias": "slebow",
            "user_id": "89",
            "is_employee_active": "1",
            "is_researcher": "1",
            "author_order": "8"
        }
    ],
    "current_organizational_memberships": [
        {
            "name": "Green, David W.",
            "station_id": "",
            "unit_id": "",
            "team_id": "",
            "alias": "",
            "user_id": "",
            "is_employee_active": "0",
            "is_researcher": "0",
            "author_order": "1"
        },
        {
            "name": "White, Robert H.",
            "station_id": "FPL",
            "unit_id": "4723",
            "team_id": "",
            "alias": "rhwhite",
            "user_id": "24",
            "is_employee_active": "0",
            "is_researcher": "1",
            "author_order": "2"
        },
        {
            "name": "TenWolde, Antoni",
            "station_id": "",
            "unit_id": "",
            "team_id": "",
            "alias": "",
            "user_id": "",
            "is_employee_active": "0",
            "is_researcher": "0",
            "author_order": "3"
        },
        {
            "name": "Simpson, William",
            "station_id": "",
            "unit_id": "",
            "team_id": "",
            "alias": "",
            "user_id": "",
            "is_employee_active": "0",
            "is_researcher": "0",
            "author_order": "4"
        },
        {
            "name": "Murphy, Joseph",
            "station_id": "FPL",
            "unit_id": "EMRSL",
            "team_id": "",
            "alias": "jfmurphy",
            "user_id": "155",
            "is_employee_active": "0",
            "is_researcher": "0",
            "author_order": "5"
        },
        {
            "name": "Ross, Robert J.",
            "station_id": "FPL",
            "unit_id": "4714",
            "team_id": "",
            "alias": "rjross",
            "user_id": "132",
            "is_employee_active": "1",
            "is_researcher": "1",
            "author_order": "6"
        },
        {
            "name": "Hernandez, Roland",
            "station_id": "",
            "unit_id": "",
            "team_id": "",
            "alias": "",
            "user_id": "",
            "is_employee_active": "0",
            "is_researcher": "0",
            "author_order": "7"
        },
        {
            "name": "Lebow, Stan T.",
            "station_id": "FPL",
            "unit_id": "4723",
            "team_id": "",
            "alias": "slebow",
            "user_id": "89",
            "is_employee_active": "1",
            "is_researcher": "1",
            "author_order": "8"
        }
    ],
    "strategic_program_areas": "",
    "cris_projects": "",
    "experimental_forests": "",
    "eco_regions": "",
    "latlongs": "",
    "usnatforests": "",
    "countystates": ""
}