{
    "product_id": "3013",
    "ac22_approved_for_public": "1",
    "primary_station": "FPL",
    "historical_station": "OTHER",
    "entrystatus": "Published to Web",
    "product_type_id": "1",
    "product_type_desc": "Publication",
    "product_subtype_id": null,
    "product_subtype_desc": null,
    "referee_status_id": "2",
    "status_name": "Informally Refereed (Peer-Reviewed)",
    "pub_type_id": "53",
    "pub_type_desc": "Miscellaneous Publication",
    "title": "The effect of initial cell concentration on xylose fermentation by Pichia stipitis",
    "product_year": " 2007",
    "abstract": "Xylose was fermented using Pichia stipitis CBS 6054 at different initial cell concentrations. A high initial cell concentration increased the rate of xylose utilization, ethanol formation, and the ethanol yield. The highest ethanol concentration of 41.0 g/L and a yield of 0.38 g/g was obtained using an initial cell concentration of 6.5 g/L. Even though more xylitol was produced when the initial cell concentrations were high, cell density had no effect on the final ethanol yield. A two- parameter mathematical model was used to predict the cell population dynamics at the different initial cell concentrations. The model parameters, a and b correlate with the initial cell concentrations used with an R2 of 0.99.",
    "citation": "Agbogbo, Frank K.; Coward-Kelly, Guillermo; Torry-Smith, Mads; Wenger, Kevin; Jeffries, Thomas W. 2007. The effect of initial cell concentration on xylose fermentation by Pichia stipitis.  Applied biochemistry and biotechnology. Vol. 136-140 (2007): pages 653-662.",
    "keywords": "Mathematical models, fermentation, yeast fungi, biotechnology, microbial metabolism, alcohol, yeast, genetics, fungi, industrial applications, genetic engineering, Pichia stipitis, xylose, ethanol, cell concentration",
    "doi": null,
    "url_binary_file": "https://www.fpl.fs.fed.us/documnts/pdf2007/fpl_2007_agbogbo001.pdf",
    "binary_filesize": "119 KB",
    "url_landing_page": "https://www.fs.usda.gov/treesearch/pubs/29230",
    "treesearch_pub_id": "29230",
    "pub_parent_id": null,
    "pub_child_number": null,
    "pub_parent_ind": "0",
    "pub_publication": "Applied biochemistry and biotechnology. Vol. 136-140 (2007): pages 653-662.",
    "proceedings_ind": "0",
    "pub_volume": null,
    "pub_issue": null,
    "pub_page": null,
    "pub_page_start": null,
    "pub_page_end": null,
    "pub_source": "T",
    "geographic_terms": null,
    "issn_id": null,
    "is_early_release": "0",
    "created_on": "08-JAN-2008 11:01:08",
    "modified_on": "08-JAN-2008 11:09:38",
    "send_to_reviewer_ind": "A",
    "publish_to_web_ind": "Y",
    "send_to_reviewer": null,
    "child_publications": "",
    "national_research_taxonomy_elements": "",
    "pub_authors": [
        {
            "name": "Agbogbo, Frank K.",
            "station_id": "",
            "unit_id": "",
            "team_id": "",
            "alias": "",
            "user_id": "",
            "is_employee_active": "0",
            "is_researcher": "0",
            "author_order": "1"
        },
        {
            "name": "Coward-Kelly, Guillermo",
            "station_id": "",
            "unit_id": "",
            "team_id": "",
            "alias": "",
            "user_id": "",
            "is_employee_active": "0",
            "is_researcher": "0",
            "author_order": "2"
        },
        {
            "name": "Torry-Smith, Mads",
            "station_id": "",
            "unit_id": "",
            "team_id": "",
            "alias": "",
            "user_id": "",
            "is_employee_active": "0",
            "is_researcher": "0",
            "author_order": "3"
        },
        {
            "name": "Wenger, Kevin",
            "station_id": "",
            "unit_id": "",
            "team_id": "",
            "alias": "",
            "user_id": "",
            "is_employee_active": "0",
            "is_researcher": "0",
            "author_order": "4"
        },
        {
            "name": "Jeffries, Thomas W.",
            "station_id": "FPL",
            "unit_id": "4712",
            "team_id": "",
            "alias": "twjeffries",
            "user_id": "64",
            "is_employee_active": "0",
            "is_researcher": "1",
            "author_order": "5"
        }
    ],
    "current_organizational_memberships": [
        {
            "name": "Agbogbo, Frank K.",
            "station_id": "",
            "unit_id": "",
            "team_id": "",
            "alias": "",
            "user_id": "",
            "is_employee_active": "0",
            "is_researcher": "0",
            "author_order": "1"
        },
        {
            "name": "Coward-Kelly, Guillermo",
            "station_id": "",
            "unit_id": "",
            "team_id": "",
            "alias": "",
            "user_id": "",
            "is_employee_active": "0",
            "is_researcher": "0",
            "author_order": "2"
        },
        {
            "name": "Torry-Smith, Mads",
            "station_id": "",
            "unit_id": "",
            "team_id": "",
            "alias": "",
            "user_id": "",
            "is_employee_active": "0",
            "is_researcher": "0",
            "author_order": "3"
        },
        {
            "name": "Wenger, Kevin",
            "station_id": "",
            "unit_id": "",
            "team_id": "",
            "alias": "",
            "user_id": "",
            "is_employee_active": "0",
            "is_researcher": "0",
            "author_order": "4"
        },
        {
            "name": "Jeffries, Thomas W.",
            "station_id": "FPL",
            "unit_id": "4712",
            "team_id": "",
            "alias": "twjeffries",
            "user_id": "64",
            "is_employee_active": "0",
            "is_researcher": "1",
            "author_order": "5"
        }
    ],
    "strategic_program_areas": "",
    "cris_projects": "",
    "experimental_forests": "",
    "eco_regions": "",
    "latlongs": "",
    "usnatforests": "",
    "countystates": ""
}