{
    "product_id": "3136",
    "ac22_approved_for_public": "1",
    "primary_station": "FPL",
    "historical_station": "OTHER",
    "entrystatus": "Published to Web",
    "product_type_id": "1",
    "product_type_desc": "Publication",
    "product_subtype_id": null,
    "product_subtype_desc": null,
    "referee_status_id": "2",
    "status_name": "Informally Refereed (Peer-Reviewed)",
    "pub_type_id": "53",
    "pub_type_desc": "Miscellaneous Publication",
    "title": "Characterization of weathered wood-plastic composite surfaces using FTIR spectroscopy, contact angle, and XPS",
    "product_year": " 2007",
    "abstract": "Much of the current growth of wood-plastic composites (WPCs) is due to increased penetration into the decking market; therefore it has become imperative to understand the durability of WPCs in outdoor applications. In this study, wood flour filled high-density polyethylene (HDPE) composites were manufactured through either injection molding or extrusion.  A set of extruded composites were also planed to remove the extruded surface. Composites were weathered in a xenon-arc weathering apparatus. Scanning electron microscopy (SEM) was used to characterize the morphology of the composite surface. Attenuated total reflectance Fourier transform infrared (ATR-FTIR) spectroscopy was useful in showing the loss of wood particles from the surface after weathering. Contact angle was higher for the extruded and planed composites compared with the injection molded composites, and was shown using X-ray photoelectron spectroscopy (XPS) to be due to lubricant used as a processing aid.",
    "citation": "Stark, Nicole M.; Matuana, Laurent M. 2007. Characterization of weathered wood-plastic composite surfaces using FTIR spectroscopy, contact angle, and XPS.  Polymer Degradation and Stability. 92: 1883-1890.",
    "keywords": "Wood-plastic composites, weathering, wood flour, HDPE, mechanical properties, surface characteristics, contact angle, scanning electron microscopy, fourier transform infrared spectroscopy, thermoplastic composites, decks, accelerated life testing, extrusion process, injection molding of plastics, composite materials, deterioration, weathering, wood flour, polyethylene, accelerated testing, durability, surface properties, wood plastic materials",
    "doi": null,
    "url_binary_file": "https://www.fpl.fs.fed.us/documnts/pdf2007/fpl_2007_stark003.pdf",
    "binary_filesize": "272 KB",
    "url_landing_page": "https://www.fs.usda.gov/treesearch/pubs/29253",
    "treesearch_pub_id": "29253",
    "pub_parent_id": null,
    "pub_child_number": null,
    "pub_parent_ind": "0",
    "pub_publication": "Polymer degradation and stability. Vol. 92 (2007): pages 1883-1890.",
    "proceedings_ind": "0",
    "pub_volume": null,
    "pub_issue": null,
    "pub_page": null,
    "pub_page_start": null,
    "pub_page_end": null,
    "pub_source": "T",
    "geographic_terms": null,
    "issn_id": null,
    "is_early_release": "0",
    "created_on": "08-JAN-2008 13:34:46",
    "modified_on": "29-DEC-2008 00:00:00",
    "send_to_reviewer_ind": "A",
    "publish_to_web_ind": "Y",
    "send_to_reviewer": null,
    "child_publications": "",
    "national_research_taxonomy_elements": "",
    "pub_authors": [
        {
            "name": "Stark, Nicole M.",
            "station_id": "FPL",
            "unit_id": "4706",
            "team_id": "",
            "alias": "nstark",
            "user_id": "60",
            "is_employee_active": "1",
            "is_researcher": "1",
            "author_order": "1"
        },
        {
            "name": "Matuana, Laurent M.",
            "station_id": "",
            "unit_id": "",
            "team_id": "",
            "alias": "",
            "user_id": "",
            "is_employee_active": "0",
            "is_researcher": "0",
            "author_order": "2"
        }
    ],
    "current_organizational_memberships": [
        {
            "name": "Stark, Nicole M.",
            "station_id": "FPL",
            "unit_id": "4706",
            "team_id": "",
            "alias": "nstark",
            "user_id": "60",
            "is_employee_active": "1",
            "is_researcher": "1",
            "author_order": "1"
        },
        {
            "name": "Matuana, Laurent M.",
            "station_id": "",
            "unit_id": "",
            "team_id": "",
            "alias": "",
            "user_id": "",
            "is_employee_active": "0",
            "is_researcher": "0",
            "author_order": "2"
        }
    ],
    "strategic_program_areas": "",
    "cris_projects": "",
    "experimental_forests": "",
    "eco_regions": "",
    "latlongs": "",
    "usnatforests": "",
    "countystates": ""
}