{
    "product_id": "3023",
    "ac22_approved_for_public": "1",
    "primary_station": "FPL",
    "historical_station": "OTHER",
    "entrystatus": "Published to Web",
    "product_type_id": "1",
    "product_type_desc": "Publication",
    "product_subtype_id": null,
    "product_subtype_desc": null,
    "referee_status_id": "2",
    "status_name": "Informally Refereed (Peer-Reviewed)",
    "pub_type_id": "53",
    "pub_type_desc": "Miscellaneous Publication",
    "title": "Durability and mechanical properties of silane cross-linked wood thermoplastic composites",
    "product_year": " 2007",
    "abstract": "In this study, silane cross-linked wood–polyethylene composite profiles were manufactured by reactive extrusion. These composites were evaluated regarding their durability and mechanical properties in comparison with two non-cross-linked wood– polyethylene composites. An addition of only 2% w/w of silane solution during manufacturing was enough to achieve almost 60% degree of cross-linking after curing. The cross-linked composites showed flexural toughness superior to the non-cross-linked composites. The cross-linked composites also absorbed less moisture during a boiling test in water and this was an indirect evidence of improved interfacial adhesion. After accelerated weathering for 1000–3000h the general trend was a decrease in flexural modulus and strength of both the non-cross-linked and cross-linked composites. The decrease in modulus seemed to be lower for the cross-linked composites while the decrease in strength seemed to be higher compared to the non-cross-linked composites. Weathering also resulted in a considerable colour fading of the composites. Water absorption–freeze–thaw cycling decreased the flexural modulus of non-cross-linked composites considerably while there was no statistical decrease in modulus for the cross- linked composites. There was only an insignificant decrease in strength for the composites after the water absorption–freeze–thaw cycling.",
    "citation": "Bengtsson, Magnus; Stark, Nicole M.; Oksman, Kristiina. 2007. Durability and mechanical properties of silane cross-linked wood thermoplastic composites. Composites Science and Technology. 67(13): 2728-2738.",
    "keywords": "Polymer matrix composites, mechanical properties, durability, extrusion, cross-linking, weathering, extrusion process, adhesion, wood plastic composites, composite materials, thermoplastic composites, silane, crosslinking, polymerization, polyethylene, elasticity, accelerated life testing, accelerated testing, strength, wood plastic materials, modulus of elasticity",
    "doi": null,
    "url_binary_file": "https://www.fpl.fs.fed.us/documnts/pdf2007/fpl_2007_bengtsson001.pdf",
    "binary_filesize": "669 KB",
    "url_landing_page": "https://www.fs.usda.gov/treesearch/pubs/29232",
    "treesearch_pub_id": "29232",
    "pub_parent_id": null,
    "pub_child_number": null,
    "pub_parent_ind": "0",
    "pub_publication": "Composites science and technology. Vol. 67 (2007): pages 2728-2738.",
    "proceedings_ind": "0",
    "pub_volume": null,
    "pub_issue": null,
    "pub_page": null,
    "pub_page_start": null,
    "pub_page_end": null,
    "pub_source": "T",
    "geographic_terms": null,
    "issn_id": null,
    "is_early_release": "0",
    "created_on": "08-JAN-2008 11:25:45",
    "modified_on": "30-DEC-2008 00:00:00",
    "send_to_reviewer_ind": "A",
    "publish_to_web_ind": "Y",
    "send_to_reviewer": null,
    "child_publications": "",
    "national_research_taxonomy_elements": "",
    "pub_authors": [
        {
            "name": "Bengtsson, Magnus",
            "station_id": "",
            "unit_id": "",
            "team_id": "",
            "alias": "",
            "user_id": "",
            "is_employee_active": "0",
            "is_researcher": "0",
            "author_order": "1"
        },
        {
            "name": "Stark, Nicole M.",
            "station_id": "FPL",
            "unit_id": "4706",
            "team_id": "",
            "alias": "nstark",
            "user_id": "60",
            "is_employee_active": "1",
            "is_researcher": "1",
            "author_order": "2"
        },
        {
            "name": "Oksman, Kristiina",
            "station_id": "",
            "unit_id": "",
            "team_id": "",
            "alias": "",
            "user_id": "",
            "is_employee_active": "0",
            "is_researcher": "0",
            "author_order": "3"
        }
    ],
    "current_organizational_memberships": [
        {
            "name": "Bengtsson, Magnus",
            "station_id": "",
            "unit_id": "",
            "team_id": "",
            "alias": "",
            "user_id": "",
            "is_employee_active": "0",
            "is_researcher": "0",
            "author_order": "1"
        },
        {
            "name": "Stark, Nicole M.",
            "station_id": "FPL",
            "unit_id": "4706",
            "team_id": "",
            "alias": "nstark",
            "user_id": "60",
            "is_employee_active": "1",
            "is_researcher": "1",
            "author_order": "2"
        },
        {
            "name": "Oksman, Kristiina",
            "station_id": "",
            "unit_id": "",
            "team_id": "",
            "alias": "",
            "user_id": "",
            "is_employee_active": "0",
            "is_researcher": "0",
            "author_order": "3"
        }
    ],
    "strategic_program_areas": "",
    "cris_projects": "",
    "experimental_forests": "",
    "eco_regions": "",
    "latlongs": "",
    "usnatforests": "",
    "countystates": ""
}