{
    "product_id": "2898",
    "ac22_approved_for_public": "1",
    "primary_station": "SRS",
    "historical_station": "OTHER",
    "entrystatus": "Published to Web",
    "product_type_id": "1",
    "product_type_desc": "Publication",
    "product_subtype_id": null,
    "product_subtype_desc": null,
    "referee_status_id": "2",
    "status_name": "Informally Refereed (Peer-Reviewed)",
    "pub_type_id": "3",
    "pub_type_desc": "General Technical Report (GTR)",
    "title": "Alternative silvicultural practices in Appalachian forest ecosystems: implications for species diversity, ecosystem resilience, and commercial timber production",
    "product_year": " 2007",
    "abstract": "Increasing demands for timber and non-timber forest products often conflict with demands to maintain biodiversity and ecosystem processes. To examine tradeoffs between these goals, we implemented six alternative management systems using a stand-level, replicated experiment. The treatments included four silvicultural regeneration methods designed to sustain timber production, one commercial harvest without regard for future stand values, and a no harvest control. Our goal was to determine effects of management alternatives on multiple system components, including biodiversity, medicinal plants, timber production, terrestrial amphibians, soil disturbance, invasive exotic plants, soil and leaf litter invertebrates, leaf litter decomposition rates and nutrient flux. Plant species richness increased with increasing canopy disturbance, through colonization both by shade-intolerant native species and by exotic species. We detected several species of medicinal plants. Oak regeneration depended more on site quality than treatment. Terrestrial salamander populations declined precipitously on all treatments subjected to canopy disturbance. Although initial soil loss was reduced by using treatments that retained higher levels of basal area in the stand, over a complete rotation, the effects of repeated entries are likely to cause greater soil loss than a clearcut and greater impacts on salamanders.",
    "citation": "Fox, Thomas R.; Haas, Carola A.; Smith, David W.; Loftis, David L.; Zedaker, Shepard M.; Jones, Robert H.; Hammett, A.L. 2007. Alternative silvicultural practices in Appalachian forest ecosystems: implications for species diversity, ecosystem resilience, and commercial timber production.  e-Gen. Tech. Rep. SRS–101. U.S. Department of Agriculture, Forest Service, Southern Research Station: 276-280 [CD-ROM].",
    "keywords": "",
    "doi": null,
    "url_binary_file": "https://www.srs.fs.usda.gov/pubs/gtr/gtr_srs101/gtr_srs101-34.pdf",
    "binary_filesize": "76 KB",
    "url_landing_page": "https://www.fs.usda.gov/treesearch/pubs/29226",
    "treesearch_pub_id": "29226",
    "pub_parent_id": "12266",
    "pub_child_number": "34",
    "pub_parent_ind": "0",
    "pub_publication": "e-Gen. Tech. Rep. SRS–101. U.S. Department of Agriculture, Forest Service, Southern Research Station: 276-280 [CD-ROM].",
    "proceedings_ind": "0",
    "pub_volume": null,
    "pub_issue": null,
    "pub_page": null,
    "pub_page_start": null,
    "pub_page_end": null,
    "pub_source": "T",
    "geographic_terms": null,
    "issn_id": null,
    "is_early_release": "0",
    "created_on": "07-JAN-2008 16:40:32",
    "modified_on": "08-JAN-2008 09:55:58",
    "send_to_reviewer_ind": "A",
    "publish_to_web_ind": "Y",
    "send_to_reviewer": null,
    "child_publications": "",
    "national_research_taxonomy_elements": "",
    "pub_authors": [
        {
            "name": "Fox, Thomas R.",
            "station_id": "",
            "unit_id": "",
            "team_id": "",
            "alias": "",
            "user_id": "",
            "is_employee_active": "0",
            "is_researcher": "0",
            "author_order": "1"
        },
        {
            "name": "Haas, Carola A.",
            "station_id": "",
            "unit_id": "",
            "team_id": "",
            "alias": "",
            "user_id": "",
            "is_employee_active": "0",
            "is_researcher": "0",
            "author_order": "2"
        },
        {
            "name": "Smith, David W.",
            "station_id": "FPL",
            "unit_id": "LIB",
            "team_id": "",
            "alias": "davidcsmith",
            "user_id": "139",
            "is_employee_active": "1",
            "is_researcher": "0",
            "author_order": "3"
        },
        {
            "name": "Loftis, David L.",
            "station_id": "SRS",
            "unit_id": "4157",
            "team_id": "",
            "alias": "dloftis",
            "user_id": "2667",
            "is_employee_active": "0",
            "is_researcher": "1",
            "author_order": "4"
        },
        {
            "name": "Zedaker, Shepard M.",
            "station_id": "",
            "unit_id": "",
            "team_id": "",
            "alias": "",
            "user_id": "",
            "is_employee_active": "0",
            "is_researcher": "0",
            "author_order": "5"
        },
        {
            "name": "Jones, Robert H.",
            "station_id": "",
            "unit_id": "",
            "team_id": "",
            "alias": "",
            "user_id": "",
            "is_employee_active": "0",
            "is_researcher": "0",
            "author_order": "6"
        },
        {
            "name": "Hammett, A.L.",
            "station_id": "",
            "unit_id": "",
            "team_id": "",
            "alias": "",
            "user_id": "",
            "is_employee_active": "0",
            "is_researcher": "0",
            "author_order": "7"
        }
    ],
    "current_organizational_memberships": [
        {
            "name": "Fox, Thomas R.",
            "station_id": "",
            "unit_id": "",
            "team_id": "",
            "alias": "",
            "user_id": "",
            "is_employee_active": "0",
            "is_researcher": "0",
            "author_order": "1"
        },
        {
            "name": "Haas, Carola A.",
            "station_id": "",
            "unit_id": "",
            "team_id": "",
            "alias": "",
            "user_id": "",
            "is_employee_active": "0",
            "is_researcher": "0",
            "author_order": "2"
        },
        {
            "name": "Smith, David W.",
            "station_id": "FPL",
            "unit_id": "LIB",
            "team_id": "",
            "alias": "davidcsmith",
            "user_id": "139",
            "is_employee_active": "1",
            "is_researcher": "0",
            "author_order": "3"
        },
        {
            "name": "Loftis, David L.",
            "station_id": "SRS",
            "unit_id": "4157",
            "team_id": "",
            "alias": "dloftis",
            "user_id": "2667",
            "is_employee_active": "0",
            "is_researcher": "1",
            "author_order": "4"
        },
        {
            "name": "Zedaker, Shepard M.",
            "station_id": "",
            "unit_id": "",
            "team_id": "",
            "alias": "",
            "user_id": "",
            "is_employee_active": "0",
            "is_researcher": "0",
            "author_order": "5"
        },
        {
            "name": "Jones, Robert H.",
            "station_id": "",
            "unit_id": "",
            "team_id": "",
            "alias": "",
            "user_id": "",
            "is_employee_active": "0",
            "is_researcher": "0",
            "author_order": "6"
        },
        {
            "name": "Hammett, A.L.",
            "station_id": "",
            "unit_id": "",
            "team_id": "",
            "alias": "",
            "user_id": "",
            "is_employee_active": "0",
            "is_researcher": "0",
            "author_order": "7"
        }
    ],
    "strategic_program_areas": "",
    "cris_projects": "",
    "experimental_forests": "",
    "eco_regions": "",
    "latlongs": "",
    "usnatforests": "",
    "countystates": ""
}