{
    "product_id": "2160",
    "ac22_approved_for_public": "1",
    "primary_station": "FPL",
    "historical_station": "OTHER",
    "entrystatus": "Published to Web",
    "product_type_id": "1",
    "product_type_desc": "Publication",
    "product_subtype_id": null,
    "product_subtype_desc": null,
    "referee_status_id": "2",
    "status_name": "Informally Refereed (Peer-Reviewed)",
    "pub_type_id": "53",
    "pub_type_desc": "Miscellaneous Publication",
    "title": "On the palladium-on-charcoal disproportionation of rosin",
    "product_year": " 1985",
    "abstract": "Changes in the composition of gum rosin during disproportionation in the presence of 5% palladium-on-charcoal have been determined by gas chromatography. The principal reaction product was dehydroabietic acid. The exocyclic vinyl group of the pimaric/isopimarictype resin acids was hydrogenated completely. Only a small amount of dihydroabietic acids was formed. Eight dihydro resin acids were identified. No tetrahydro resin acids were observed.",
    "citation": "Song, Zhan-Qian; Zavarin, Eugene; Zinkel, Duane F. 1985. On the palladium-on-charcoal disproportionation of rosin.  Journal of wood chemsitry and technology. Vol. 5, no. 4 (1985): pages 535-542.",
    "keywords": "Charcoal, emulsifiers, palladium, resin acids, rosin, dehydroabeitic acid",
    "doi": null,
    "url_binary_file": "https://www.fpl.fs.fed.us/documnts/pdf1985/song85a.pdf",
    "binary_filesize": "65 KB",
    "url_landing_page": "https://www.fs.usda.gov/treesearch/pubs/30542",
    "treesearch_pub_id": "30542",
    "pub_parent_id": null,
    "pub_child_number": null,
    "pub_parent_ind": "0",
    "pub_publication": "Journal of wood chemsitry and technology. Vol. 5, no. 4 (1985): pages 535-542.",
    "proceedings_ind": "0",
    "pub_volume": null,
    "pub_issue": null,
    "pub_page": null,
    "pub_page_start": null,
    "pub_page_end": null,
    "pub_source": "T",
    "geographic_terms": null,
    "issn_id": null,
    "is_early_release": "0",
    "created_on": "17-JUL-2008 15:23:05",
    "modified_on": "17-JUL-2008 15:30:53",
    "send_to_reviewer_ind": "A",
    "publish_to_web_ind": "Y",
    "send_to_reviewer": null,
    "child_publications": "",
    "national_research_taxonomy_elements": "",
    "pub_authors": [
        {
            "name": "Song, Zhan-Qian",
            "station_id": "",
            "unit_id": "",
            "team_id": "",
            "alias": "",
            "user_id": "",
            "is_employee_active": "0",
            "is_researcher": "0",
            "author_order": "1"
        },
        {
            "name": "Zavarin, Eugene",
            "station_id": "",
            "unit_id": "",
            "team_id": "",
            "alias": "",
            "user_id": "",
            "is_employee_active": "0",
            "is_researcher": "0",
            "author_order": "2"
        },
        {
            "name": "Zinkel, Duane F.",
            "station_id": "",
            "unit_id": "",
            "team_id": "",
            "alias": "",
            "user_id": "",
            "is_employee_active": "0",
            "is_researcher": "0",
            "author_order": "3"
        }
    ],
    "current_organizational_memberships": [
        {
            "name": "Song, Zhan-Qian",
            "station_id": "",
            "unit_id": "",
            "team_id": "",
            "alias": "",
            "user_id": "",
            "is_employee_active": "0",
            "is_researcher": "0",
            "author_order": "1"
        },
        {
            "name": "Zavarin, Eugene",
            "station_id": "",
            "unit_id": "",
            "team_id": "",
            "alias": "",
            "user_id": "",
            "is_employee_active": "0",
            "is_researcher": "0",
            "author_order": "2"
        },
        {
            "name": "Zinkel, Duane F.",
            "station_id": "",
            "unit_id": "",
            "team_id": "",
            "alias": "",
            "user_id": "",
            "is_employee_active": "0",
            "is_researcher": "0",
            "author_order": "3"
        }
    ],
    "strategic_program_areas": "",
    "cris_projects": "",
    "experimental_forests": "",
    "eco_regions": "",
    "latlongs": "",
    "usnatforests": "",
    "countystates": ""
}