{
    "product_id": "2139",
    "ac22_approved_for_public": "1",
    "primary_station": "PNW",
    "historical_station": "PNW",
    "entrystatus": "Published to Web",
    "product_type_id": "1",
    "product_type_desc": "Publication",
    "product_subtype_id": null,
    "product_subtype_desc": null,
    "referee_status_id": "2",
    "status_name": "Informally Refereed (Peer-Reviewed)",
    "pub_type_id": "3",
    "pub_type_desc": "General Technical Report (GTR)",
    "title": "Domestic market activity in solid wood products in the United States, 1950-1998.",
    "product_year": " 2002",
    "abstract": "Solid wood is important to the construction, manufacturing, and shipping segments of the U.S. economy. Nearly all new houses are built with wood, and wood building products are used in the construction of nonresidential buildings, and in the upkeep and improvement of existing structures. Solid wood is used extensively to produce and transport manufactured products. It also provides a renewable energy source for industrial, commercial, and residential applications. In 1998, 19.6 billion cubic feet, roundwood equivalent, of all timber products were consumed in the United States, down slightly from 1996, but considerably greater than in 1962. About 87 percent of this was for industrial products, and 13 percent for fuelwood. Excluding fuelwood, solid wood timber products accounted for about 67 percent of the industrial roundwood consumed, and pulpwood products about 33 percent. Large amounts of residues are generated in the production of solid wood products, about 10 to 15 percent of total industrial roundwood consumption. Thus, solid wood products and pulpwood products each account for about half of the industrial roundwood consumed. This report examines solid wood timber products consumption in the United States over the past 40 to 45 years, relates changes in consumption to economic, social, and institutional factors during the period, and presents estimates of consumption in major end-use markets. Trends in timber products production, foreign trade, and domestic consumption over the past half century also are examined.",
    "citation": "McKeever, David B. 2002. Domestic market activity in solid wood products in the United States, 1950-1998.  Gen. Tech. Rep. PNW-GTR-524. Portland, OR: U.S. Department of Agriculture, Forest Service, Pacific Northwest Research Station. 76 p",
    "keywords": "Production, consumption, timber products consumption, industrial roundwood production, solid wood consumption, wood use, softwood lumber, hardwood lumber, structural panels, softwood plywood, oriented strandboard, OSB, waferboard, nonstructural panels, hardwood plywood, particleboard, medium-density fiberboard, MDF, hardboard, insulation board, engineered wood products, wood I-joists, gluelaminated timbers, glulam, structural composite lumber, laminated veneer lumber, LVL, parallel strand lumber, PSL, oriented strand lumber, OSL, fuelwood, construction, housing, new residential construction, single-family, multifamily, apartments, mobile homes, repair, remodeling, upkeep, improvements, expenditures, nonresidential construction, railroads, manufacturing, furniture, shipping, wooden containers, pallets, fuelwood",
    "doi": "10.2737/PNW-GTR-524",
    "url_binary_file": "https://www.fs.fed.us/pnw/pubs/pnw_gtr524.pdf",
    "binary_filesize": "774 KB",
    "url_landing_page": "https://www.fs.usda.gov/treesearch/pubs/4470",
    "treesearch_pub_id": "4470",
    "pub_parent_id": null,
    "pub_child_number": null,
    "pub_parent_ind": "0",
    "pub_publication": "Gen. Tech. Rep. PNW-GTR-524. Portland, OR: U.S. Department of Agriculture, Forest Service, Pacific Northwest Research Station. 76 p",
    "proceedings_ind": "0",
    "pub_volume": "524",
    "pub_issue": null,
    "pub_page": null,
    "pub_page_start": null,
    "pub_page_end": null,
    "pub_source": "T",
    "geographic_terms": null,
    "issn_id": null,
    "is_early_release": "0",
    "created_on": null,
    "modified_on": "23-APR-2008 11:38:01",
    "send_to_reviewer_ind": "A",
    "publish_to_web_ind": "Y",
    "send_to_reviewer": null,
    "child_publications": "",
    "national_research_taxonomy_elements": [
        {
            "nrt_id": "62",
            "nrt_title": "Timber"
        }
    ],
    "pub_authors": [
        {
            "name": "McKeever, David B.",
            "station_id": "FPL",
            "unit_id": "4851",
            "team_id": "",
            "alias": "dmckeever",
            "user_id": "12",
            "is_employee_active": "0",
            "is_researcher": "1",
            "author_order": "1"
        }
    ],
    "current_organizational_memberships": [
        {
            "name": "McKeever, David B.",
            "station_id": "FPL",
            "unit_id": "4851",
            "team_id": "",
            "alias": "dmckeever",
            "user_id": "12",
            "is_employee_active": "0",
            "is_researcher": "1",
            "author_order": "1"
        }
    ],
    "strategic_program_areas": "",
    "cris_projects": "",
    "experimental_forests": "",
    "eco_regions": "",
    "latlongs": "",
    "usnatforests": "",
    "countystates": ""
}