<?xml version="1.0" encoding="UTF-8"?>
<mods xmlns:xlink="http://www.w3.org/1999/xlink"
      xmlns:xsi="http://www.w3.org/2001/XMLSchema-instance"
      version="3.7"
      xmlns="http://www.loc.gov/mods/v3"
      xsi:schemaLocation="http://www.loc.gov/mods/v3 http://www.loc.gov/standards/mods/v3/mods-3-7.xsd">
   <titleInfo>
      <title>An assessment of training needs for the lumber manufacturing industry in the eastern United States</title>
   </titleInfo>
   <name type="personal" usage="primary">
      <namePart type="given">Joseph</namePart>
      <namePart type="family">Denig</namePart>
      <displayForm>Denig, Joseph</displayForm>
      <role>
         <roleTerm type="text">author</roleTerm>
      </role>
   </name>
   <name type="personal">
      <namePart type="given">Scott</namePart>
      <namePart type="family">Page</namePart>
      <displayForm>Page, Scott</displayForm>
      <role>
         <roleTerm type="text">author</roleTerm>
      </role>
   </name>
   <name type="personal">
      <namePart type="given">Yuhua</namePart>
      <namePart type="family">Su</namePart>
      <displayForm>Su, Yuhua</displayForm>
      <role>
         <roleTerm type="text">author</roleTerm>
      </role>
   </name>
   <name type="personal">
      <namePart type="given">Karen</namePart>
      <namePart type="family">Martinson</namePart>
      <displayForm>Martinson, Karen</displayForm>
      <affiliation>United States Department of Agriculture, Forest Service, Forest Products Laboratory, Communications &amp; Science Delivery, One Gifford Pinchot Drive, Madison, WI 53726</affiliation>
      <role>
         <roleTerm type="text">author</roleTerm>
      </role>
   </name>
   <typeOfResource>text</typeOfResource>
   <genre>article</genre>
   <originInfo>
      <dateIssued encoding="w3cdtf" keyDate="yes">2008-04-25</dateIssued>
   </originInfo>
   <note type="treesearch-status">Informally Refereed (Peer-Reviewed)</note>
   <language>
      <languageTerm type="code" authority="iso639-2b">eng</languageTerm>
      <languageTerm type="text">English</languageTerm>
   </language>
   <abstract>A training needs assessment of the primary forest products industry was conducted for 33 eastern states. his publication presents in detail the statistical analysis of the study. Of the 2,570 lumber manufacturing companies, consisting of firms with more than six employees for the U.S. Department of Labor Standard Industrial Classification Code 2421, the response rate to the survey was 18.1%. The study found that over the next 5 years, 36% of the current skilled positions are projected to be replaced. Based on the number of new key employees that will be needed to replace current employees, the most important fields are lumber grading, millwrighting, and sawyers. Employers are willing to send their employees to training programs, especially those programs that are three to five days in length. The maximum travel distances a regionalized training center should expect to draw from is a 275-mile radius. Employers would be most interested in the core programs of wood products curriculum offered at community colleges in the past, including lumber inspection, sawyer training, and saw filing training. illwrighting subjects also ranked highly with employers.</abstract>
   <subject>
      <topic>Lumber manufacturing industry</topic>
   </subject>
   <subject>
      <topic>training needs assessment</topic>
   </subject>
   <subject>
      <topic>wood product program</topic>
   </subject>
   <subject>
      <topic>Haywood Community College</topic>
   </subject>
   <subject>
      <topic>lumber trade</topic>
   </subject>
   <subject>
      <topic>employees</topic>
   </subject>
   <relatedItem type="series">
      <titleInfo type="abbreviated">
         <title>Res. Paper</title>
      </titleInfo>
      <titleInfo>
         <title>Research Paper (RP)</title>
      </titleInfo>
      <part>
         <detail type="volume">
            <number>646</number>
            <caption>v.</caption>
         </detail>
         <text type="year">2008</text>
         <text type="month">04</text>
         <text type="day">25</text>
         <extent unit="pages">
            <total>7</total>
         </extent>
      </part>
   </relatedItem>
   <identifier type="doi">10.2737/FPL-RP-646</identifier>
   <location>
      <url displayLabel="Direct access to publisher’s site">http://dx.doi.org/10.2737/FPL-RP-646</url>
   </location>
   <identifier type="treesearch">2190</identifier>
   <identifier type="treesearch-pub">29849</identifier>
   <location>
      <url displayLabel="Direct access to publisher’s site">https://www.fs.usda.gov/treesearch/pubs/29849</url>
   </location>
   <location>
      <url displayLabel="Full Text in PDF">https://www.fpl.fs.fed.us/documnts/fplrp/fpl_rp646.pdf</url>
   </location>
   <accessCondition type="use and reproduction" displayLabel="Resource is Open Access">
      <program xmlns="https://data.crossref.org/schemas/AccessIndicators.xsd">
         <license_ref>http://purl.org/eprint/accessRights/OpenAccess</license_ref>
      </program>
   </accessCondition>
   <extension>
      <vendorName>United States. Forest Service</vendorName>
      <archiveFile/>
      <originalFile>file:/C:/Users/carlos.martinez/Desktop/json-to-mods_2xslt/workingDir_for_11-16-2021_xsl/A-29849.json</originalFile>
      <workingDirectory/>
      <!--Global Variable Values-->
      <archive_file>A-29849.json</archive_file>
      <original_file>A-29849</original_file>
      <working_directory>file:/C:/Users/carlos.martinez/Desktop/json-to-mods_2xslt/workingDir_for_11-16-2021_xsl/</working_directory>
   </extension>
</mods>
