<?xml version="1.0" encoding="UTF-8"?>
<mods xmlns:xlink="http://www.w3.org/1999/xlink"
      xmlns:xsi="http://www.w3.org/2001/XMLSchema-instance"
      version="3.7"
      xmlns="http://www.loc.gov/mods/v3"
      xsi:schemaLocation="http://www.loc.gov/mods/v3 http://www.loc.gov/standards/mods/v3/mods-3-7.xsd">
   <titleInfo>
      <title>Wood density and anatomical properties in suppressed-growth trees : comparison of two methods</title>
   </titleInfo>
   <name type="personal" usage="primary">
      <namePart type="given">David W.</namePart>
      <namePart type="family">Vahey</namePart>
      <displayForm>Vahey, David W.</displayForm>
      <affiliation>United States Department of Agriculture, Forest Service, Forest Products Laboratory, Engineered Composites Sciences, One Gifford Pinchot Drive, Madison, WI 53726</affiliation>
      <role>
         <roleTerm type="text">author</roleTerm>
      </role>
   </name>
   <name type="personal">
      <namePart type="given">J. Y.</namePart>
      <namePart type="family">Zhu</namePart>
      <displayForm>Zhu, J. Y.</displayForm>
      <role>
         <roleTerm type="text">author</roleTerm>
      </role>
   </name>
   <name type="personal">
      <namePart type="given">C. Tim</namePart>
      <namePart type="family">Scott</namePart>
      <displayForm>Scott, C. Tim</displayForm>
      <role>
         <roleTerm type="text">author</roleTerm>
      </role>
   </name>
   <typeOfResource>text</typeOfResource>
   <genre>article</genre>
   <originInfo>
      <dateIssued encoding="w3cdtf" keyDate="yes">2008-01-08</dateIssued>
   </originInfo>
   <note type="treesearch-status">Informally Refereed (Peer-Reviewed)</note>
   <language>
      <languageTerm type="code" authority="iso639-2b">eng</languageTerm>
      <languageTerm type="text">English</languageTerm>
   </language>
   <abstract>Interest in the commercial value of small-diameter timber has led to testing core samples with SilviScan to characterize density and transverse fiber dimensions. Data showed that latewood density and tracheid diameter in suppressed-growth material can vary spatially on a scale comparable to the 50-_m resolution of the instrument used in our testing. An optical imaging method called Ring Profiler was developed to determine what effect SilviScan’s resolution had on the measurements. A single suppressed-growth specimen of Douglas-fir was used to develop the method. Ring Profiler measurements of the specimen showed that SilviScan overestimated latewood tracheid radial diameters by 59% in growth rings averaging 200-_m width. In those same growth rings, SilviScan latewood density was found to be 19% too low. In all growth rings measured by Ring Profiler, latewood wall thicknesses were anisotropic. Radial and tangential values averaged 13% less than the isotropic wall thickness calculated from SilviScan data. Ring Profiler density measurement from binarized images of wood cross-sections was found to correlate well with SilviScan X-ray density (r-squared _ 0.907); however, better images and an objective method for thresholding are needed for accuracy over a large sample space. With these improvements and automated scanning of samples, Ring Profiler could be an attractive, inexpensive complement to SilviScan.</abstract>
   <subject>
      <topic>SilviScan</topic>
   </subject>
   <subject>
      <topic>tracheid</topic>
   </subject>
   <subject>
      <topic>density</topic>
   </subject>
   <subject>
      <topic>diameter</topic>
   </subject>
   <subject>
      <topic>wall thickness</topic>
   </subject>
   <subject>
      <topic>anisotropy</topic>
   </subject>
   <subject>
      <topic>image analysis</topic>
   </subject>
   <subject>
      <topic>resolution</topic>
   </subject>
   <subject>
      <topic>suppressed growth</topic>
   </subject>
   <subject>
      <topic>small diameter</topic>
   </subject>
   <subject>
      <topic>thinnings</topic>
   </subject>
   <subject>
      <topic>pulp</topic>
   </subject>
   <subject>
      <topic>pulping</topic>
   </subject>
   <subject>
      <topic>Douglas fir</topic>
   </subject>
   <subject>
      <topic>wood anatomy</topic>
   </subject>
   <subject>
      <topic>wood density</topic>
   </subject>
   <subject>
      <topic>stand density</topic>
   </subject>
   <subject>
      <topic>pulpwood</topic>
   </subject>
   <subject>
      <topic>ring profiler</topic>
   </subject>
   <subject>
      <topic>small timbers</topic>
   </subject>
   <subject>
      <topic>utilization</topic>
   </subject>
   <subject>
      <topic>smallwood</topic>
   </subject>
   <subject>
      <topic>small-diameter timber</topic>
   </subject>
   <subject>
      <topic>thinnings</topic>
   </subject>
   <relatedItem type="host">
      <titleInfo>
         <title>Wood and fiber science</title>
      </titleInfo>
      <part>
         <text type="year">2008</text>
         <text type="month">01</text>
         <text type="day">08</text>
         <extent unit="pages"/>
      </part>
   </relatedItem>
   <identifier type="treesearch">3149</identifier>
   <identifier type="treesearch-pub">29255</identifier>
   <location>
      <url displayLabel="Direct access to publisher’s site">https://www.fs.usda.gov/treesearch/pubs/29255</url>
   </location>
   <location>
      <url displayLabel="Full Text in PDF">https://www.fpl.fs.fed.us/documnts/pdf2007/fpl_2007_vahey001.pdf</url>
   </location>
   <accessCondition type="use and reproduction" displayLabel="Resource is Open Access">
      <program xmlns="https://data.crossref.org/schemas/AccessIndicators.xsd">
         <license_ref>http://purl.org/eprint/accessRights/OpenAccess</license_ref>
      </program>
   </accessCondition>
   <extension>
      <vendorName>United States. Forest Service</vendorName>
      <archiveFile/>
      <originalFile>file:/C:/Users/carlos.martinez/Desktop/json-to-mods_2xslt/workingDir_for_11-16-2021_xsl/A-29255.json</originalFile>
      <workingDirectory/>
      <!--Global Variable Values-->
      <archive_file>A-29255.json</archive_file>
      <original_file>A-29255</original_file>
      <working_directory>file:/C:/Users/carlos.martinez/Desktop/json-to-mods_2xslt/workingDir_for_11-16-2021_xsl/</working_directory>
   </extension>
</mods>
