<?xml version="1.0" encoding="UTF-8"?>
<mods xmlns:xlink="http://www.w3.org/1999/xlink"
      xmlns:xsi="http://www.w3.org/2001/XMLSchema-instance"
      version="3.7"
      xmlns="http://www.loc.gov/mods/v3"
      xsi:schemaLocation="http://www.loc.gov/mods/v3 http://www.loc.gov/standards/mods/v3/mods-3-7.xsd">
   <titleInfo>
      <title>Effects of plantation density on wood density and anatomical properties of red pine (Pinus resinosa Ait.)</title>
   </titleInfo>
   <name type="personal" usage="primary">
      <namePart type="given">J. Y.</namePart>
      <namePart type="family">Zhu</namePart>
      <displayForm>Zhu, J. Y.</displayForm>
      <role>
         <roleTerm type="text">author</roleTerm>
      </role>
   </name>
   <name type="personal">
      <namePart type="given">C. Tim</namePart>
      <namePart type="family">Scott</namePart>
      <displayForm>Scott, C. Tim</displayForm>
      <role>
         <roleTerm type="text">author</roleTerm>
      </role>
   </name>
   <name type="personal">
      <namePart type="given">Karen L.</namePart>
      <namePart type="family">Scallon</namePart>
      <displayForm>Scallon, Karen L.</displayForm>
      <role>
         <roleTerm type="text">author</roleTerm>
      </role>
   </name>
   <name type="personal">
      <namePart type="given">Gary C.</namePart>
      <namePart type="family">Myers</namePart>
      <displayForm>Myers, Gary C.</displayForm>
      <role>
         <roleTerm type="text">author</roleTerm>
      </role>
   </name>
   <typeOfResource>text</typeOfResource>
   <genre>article</genre>
   <originInfo>
      <dateIssued encoding="w3cdtf" keyDate="yes">2008-01-08</dateIssued>
   </originInfo>
   <note type="treesearch-status">Informally Refereed (Peer-Reviewed)</note>
   <language>
      <languageTerm type="code" authority="iso639-2b">eng</languageTerm>
      <languageTerm type="text">English</languageTerm>
   </language>
   <abstract>This study demonstrated that average ring width (or average annual radial growth rate) is a reliable parameter to quantify the effects of tree plantation density (growth suppression) on wood density and tracheid anatomical properties. The average ring width successfully correlated wood density and tracheid anatomical properties of red pines (Pinus resinosa Ait.) from a never-thinned experimental plantation forest with five different initial plantation densities. The results indicate that plantation density has a pronounced effect on earlywood growth, which resulted in increased latewood volumetric fraction and uniform tracheid radial and wall thickness distribution. A similar approach of average ring width correlations may be applied to study wood and tracheid properties of trees growing in the densely populated natural forests.</abstract>
   <subject>
      <topic>Red pine</topic>
   </subject>
   <subject>
      <topic>small-diameter trees</topic>
   </subject>
   <subject>
      <topic>forest thinning</topic>
   </subject>
   <subject>
      <topic>plantation density</topic>
   </subject>
   <subject>
      <topic>pulp yield</topic>
   </subject>
   <subject>
      <topic>tracheid (cell) geometry</topic>
   </subject>
   <subject>
      <topic>SilviScan</topic>
   </subject>
   <subject>
      <topic>maceration</topic>
   </subject>
   <subject>
      <topic>radial growth</topic>
   </subject>
   <subject>
      <topic>latewood content</topic>
   </subject>
   <subject>
      <topic>tree farms</topic>
   </subject>
   <subject>
      <topic>wood anatomy</topic>
   </subject>
   <subject>
      <topic>wood density</topic>
   </subject>
   <subject>
      <topic>pulping</topic>
   </subject>
   <subject>
      <topic>tree-rings</topic>
   </subject>
   <subject>
      <topic>suppressed growth</topic>
   </subject>
   <subject>
      <topic>thinnings</topic>
   </subject>
   <subject>
      <topic>stand density</topic>
   </subject>
   <subject>
      <topic>utilization</topic>
   </subject>
   <subject>
      <topic>Pinus resinosa</topic>
   </subject>
   <subject>
      <topic>small timbers</topic>
   </subject>
   <subject>
      <topic>smallwood</topic>
   </subject>
   <subject>
      <topic>small diameter timber</topic>
   </subject>
   <relatedItem type="host">
      <titleInfo>
         <title>Wood and fiber science</title>
      </titleInfo>
      <part>
         <text type="year">2008</text>
         <text type="month">01</text>
         <text type="day">08</text>
         <extent unit="pages"/>
      </part>
   </relatedItem>
   <identifier type="treesearch">3154</identifier>
   <identifier type="treesearch-pub">29256</identifier>
   <location>
      <url displayLabel="Direct access to publisher’s site">https://www.fs.usda.gov/treesearch/pubs/29256</url>
   </location>
   <location>
      <url displayLabel="Full Text in PDF">https://www.fpl.fs.fed.us/documnts/pdf2007/fpl_2007_zhu001.pdf</url>
   </location>
   <accessCondition type="use and reproduction" displayLabel="Resource is Open Access">
      <program xmlns="https://data.crossref.org/schemas/AccessIndicators.xsd">
         <license_ref>http://purl.org/eprint/accessRights/OpenAccess</license_ref>
      </program>
   </accessCondition>
   <extension>
      <vendorName>United States. Forest Service</vendorName>
      <archiveFile/>
      <originalFile>file:/C:/Users/carlos.martinez/Desktop/json-to-mods_2xslt/workingDir_for_11-16-2021_xsl/A-29256.json</originalFile>
      <workingDirectory/>
      <!--Global Variable Values-->
      <archive_file>A-29256.json</archive_file>
      <original_file>A-29256</original_file>
      <working_directory>file:/C:/Users/carlos.martinez/Desktop/json-to-mods_2xslt/workingDir_for_11-16-2021_xsl/</working_directory>
   </extension>
</mods>
