<?xml version="1.0" encoding="UTF-8"?>
<mods xmlns:xlink="http://www.w3.org/1999/xlink"
      xmlns:xsi="http://www.w3.org/2001/XMLSchema-instance"
      version="3.7"
      xmlns="http://www.loc.gov/mods/v3"
      xsi:schemaLocation="http://www.loc.gov/mods/v3 http://www.loc.gov/standards/mods/v3/mods-3-7.xsd">
   <titleInfo>
      <title>Soda-amine pulping : reaction of amines with free phenolic [beta]-[omicron]-4 ethers</title>
   </titleInfo>
   <name type="personal" usage="primary">
      <namePart type="given">John R.</namePart>
      <namePart type="family">Obst</namePart>
      <displayForm>Obst, John R.</displayForm>
      <role>
         <roleTerm type="text">author</roleTerm>
      </role>
   </name>
   <typeOfResource>text</typeOfResource>
   <genre>article</genre>
   <originInfo>
      <dateIssued encoding="w3cdtf" keyDate="yes">2008-07-17</dateIssued>
   </originInfo>
   <note type="treesearch-status">Informally Refereed (Peer-Reviewed)</note>
   <language>
      <languageTerm type="code" authority="iso639-2b">eng</languageTerm>
      <languageTerm type="text">English</languageTerm>
   </language>
   <abstract>The quinone methide from guaiacylglycol-ß-guaiacyl ether underwent nucleophilic addition to the a-carbon with primary and secondary amines at 40°C. At pulping temperature, 170°C, only the primary amine adduct was detected. The quinone methide from guaiacylglycerol-ß-guaiacyl ether gave analogous adducts at 40°C, but no quinone methide-amine adducts were detected at 170°C. Instead, the major products were the vinyl ether and a substituted vinyl ether which resulted from a Mannich reaction of the vinylether, amine, and liberated formaldehyde.</abstract>
   <subject>
      <topic>Amines</topic>
   </subject>
   <subject>
      <topic>pulping</topic>
   </subject>
   <subject>
      <topic>alkaline pulping</topic>
   </subject>
   <subject>
      <topic>quinones</topic>
   </subject>
   <subject>
      <topic>formaldehyde</topic>
   </subject>
   <subject>
      <topic>delignification</topic>
   </subject>
   <subject>
      <topic>condensation</topic>
   </subject>
   <subject>
      <topic>ethers</topic>
   </subject>
   <subject>
      <topic>lignin</topic>
   </subject>
   <subject>
      <topic>Lignin model compounds</topic>
   </subject>
   <subject>
      <topic>Mannich reaction</topic>
   </subject>
   <relatedItem type="host">
      <titleInfo>
         <title>Tappi</title>
      </titleInfo>
      <part>
         <text type="year">2008</text>
         <text type="month">07</text>
         <text type="day">17</text>
         <extent unit="pages"/>
      </part>
   </relatedItem>
   <identifier type="treesearch">2859</identifier>
   <identifier type="treesearch-pub">30534</identifier>
   <location>
      <url displayLabel="Direct access to publisher’s site">https://www.fs.usda.gov/treesearch/pubs/30534</url>
   </location>
   <location>
      <url displayLabel="Full Text in PDF">https://www.fpl.fs.fed.us/documnts/pdf1981/obst81a.pdf</url>
   </location>
   <accessCondition type="use and reproduction" displayLabel="Resource is Open Access">
      <program xmlns="https://data.crossref.org/schemas/AccessIndicators.xsd">
         <license_ref>http://purl.org/eprint/accessRights/OpenAccess</license_ref>
      </program>
   </accessCondition>
   <extension>
      <vendorName>United States. Forest Service</vendorName>
      <archiveFile/>
      <originalFile>file:/C:/Users/carlos.martinez/Desktop/json-to-mods_2xslt/workingDir_for_11-16-2021_xsl/A-30534.json</originalFile>
      <workingDirectory/>
      <!--Global Variable Values-->
      <archive_file>A-30534.json</archive_file>
      <original_file>A-30534</original_file>
      <working_directory>file:/C:/Users/carlos.martinez/Desktop/json-to-mods_2xslt/workingDir_for_11-16-2021_xsl/</working_directory>
   </extension>
</mods>
