<?xml version="1.0" encoding="UTF-8"?>
<mods xmlns:xlink="http://www.w3.org/1999/xlink"
      xmlns:xsi="http://www.w3.org/2001/XMLSchema-instance"
      version="3.7"
      xmlns="http://www.loc.gov/mods/v3"
      xsi:schemaLocation="http://www.loc.gov/mods/v3 http://www.loc.gov/standards/mods/v3/mods-3-7.xsd">
   <titleInfo>
      <title>Use of saltcedar and Utah juniper as fillers in wood–plastic composites</title>
   </titleInfo>
   <name type="personal" usage="primary">
      <namePart type="given">Craig</namePart>
      <namePart type="family">Clemons</namePart>
      <displayForm>Clemons, Craig</displayForm>
      <affiliation>United States Department of Agriculture, Forest Service, Forest Products Laboratory, Engineered Composites Sciences, One Gifford Pinchot Drive, Madison, WI 53726</affiliation>
      <role>
         <roleTerm type="text">author</roleTerm>
      </role>
   </name>
   <name type="personal">
      <namePart type="given">Nicole</namePart>
      <namePart type="family">Stark</namePart>
      <displayForm>Stark, Nicole</displayForm>
      <affiliation>United States Department of Agriculture, Forest Service, Forest Products Laboratory, Engineered Composites Sciences, One Gifford Pinchot Drive, Madison, WI 53726</affiliation>
      <role>
         <roleTerm type="text">author</roleTerm>
      </role>
   </name>
   <typeOfResource>text</typeOfResource>
   <genre>article</genre>
   <originInfo>
      <dateIssued encoding="w3cdtf" keyDate="yes">2008-04-25</dateIssued>
   </originInfo>
   <note type="treesearch-status">Informally Refereed (Peer-Reviewed)</note>
   <language>
      <languageTerm type="code" authority="iso639-2b">eng</languageTerm>
      <languageTerm type="text">English</languageTerm>
   </language>
   <abstract>Invasive and small-diameter species have become more prevalent, creating numerous environmental and ecological problems. One potential method to control and eliminate invasive species and thereby promote natural rangeland restoration is developing new, value-added uses for them. Saltcedar (Tamarisk ramosissima) and Utah juniper (Juniperus osteosperma) were investigated for use as fillers in wood–plastic composites (WPCs). The chemical composition and thermal stability of wood flours from both invasive species were compared with those of commercial pine wood flour. The wood flours were compounded with plastic and additives, and the viscosities of the composite melts containing the different species were compared. Composites produced from the compounded material by profile extrusion and injection molding were evaluated for mechanical performance, appearance, and weatherability. Saltcedar wood flour had the most minerals and water soluble extractives, which resulted in the lowest thermal stability and the lowest melt viscosity when compounded with high-density polyethylene. Injection-molded WPCs made from saltcedar or juniper were both considerably darker than those made with pine but performed similarly in accelerated weathering tests. Their mechanical properties were generally lower than those of the composites made from pine, but appropriate application selection and proper design could help compensate. Extruded WPCs were successfully made with each of the species. Producing WPCs from these composites appears technically feasible, although continued formulation development and durability evaluation are needed so that informed decisions regarding applications can be made. Economically feasible applications that use the advantageous properties of these species and that can tolerate or address the less desirable ones need to be identified and demonstrated.</abstract>
   <subject>
      <topic>Saltcedar</topic>
   </subject>
   <subject>
      <topic>tamarisk</topic>
   </subject>
   <subject>
      <topic>juniper</topic>
   </subject>
   <subject>
      <topic>wood plastic composite</topic>
   </subject>
   <subject>
      <topic>WPC</topic>
   </subject>
   <subject>
      <topic>filler</topic>
   </subject>
   <subject>
      <topic>wood flour</topic>
   </subject>
   <subject>
      <topic>Utah juniper</topic>
   </subject>
   <subject>
      <topic>control</topic>
   </subject>
   <subject>
      <topic>plastic-impregnated wood</topic>
   </subject>
   <subject>
      <topic>invasive plants</topic>
   </subject>
   <subject>
      <topic>Juniperus osteosperma</topic>
   </subject>
   <relatedItem type="series">
      <titleInfo type="abbreviated">
         <title>Res. Paper</title>
      </titleInfo>
      <titleInfo>
         <title>Research Paper (RP)</title>
      </titleInfo>
      <part>
         <detail type="volume">
            <number>641</number>
            <caption>v.</caption>
         </detail>
         <text type="year">2008</text>
         <text type="month">04</text>
         <text type="day">25</text>
         <extent unit="pages">
            <total>17</total>
         </extent>
      </part>
   </relatedItem>
   <identifier type="doi">10.2737/FPL-RP-641</identifier>
   <location>
      <url displayLabel="Direct access to publisher’s site">http://dx.doi.org/10.2737/FPL-RP-641</url>
   </location>
   <identifier type="treesearch">2187</identifier>
   <identifier type="treesearch-pub">29846</identifier>
   <location>
      <url displayLabel="Direct access to publisher’s site">https://www.fs.usda.gov/treesearch/pubs/29846</url>
   </location>
   <location>
      <url displayLabel="Full Text in PDF">https://www.fpl.fs.fed.us/documnts/fplrp/fpl_rp641.pdf</url>
   </location>
   <accessCondition type="use and reproduction" displayLabel="Resource is Open Access">
      <program xmlns="https://data.crossref.org/schemas/AccessIndicators.xsd">
         <license_ref>http://purl.org/eprint/accessRights/OpenAccess</license_ref>
      </program>
   </accessCondition>
   <extension>
      <vendorName>United States. Forest Service</vendorName>
      <archiveFile/>
      <originalFile>file:/C:/Users/carlos.martinez/Desktop/json-to-mods_2xslt/workingDir_for_11-16-2021_xsl/A-29846.json</originalFile>
      <workingDirectory/>
      <!--Global Variable Values-->
      <archive_file>A-29846.json</archive_file>
      <original_file>A-29846</original_file>
      <working_directory>file:/C:/Users/carlos.martinez/Desktop/json-to-mods_2xslt/workingDir_for_11-16-2021_xsl/</working_directory>
   </extension>
</mods>
