<?xml version="1.0" encoding="UTF-8"?>
<mods xmlns:xlink="http://www.w3.org/1999/xlink"
      xmlns:xsi="http://www.w3.org/2001/XMLSchema-instance"
      version="3.7"
      xmlns="http://www.loc.gov/mods/v3"
      xsi:schemaLocation="http://www.loc.gov/mods/v3 http://www.loc.gov/standards/mods/v3/mods-3-7.xsd">
   <titleInfo>
      <title>The 2005 RPA timber assessment update.</title>
   </titleInfo>
   <name type="personal" usage="primary">
      <namePart type="given">Richard W.</namePart>
      <namePart type="family">Haynes</namePart>
      <displayForm>Haynes, Richard W.</displayForm>
      <affiliation>United States Department of Agriculture, Forest Service, Pacific Northwest Research Station, , 220 SW 3rd Avenue, Suite 1400, Portland, OR 97204, US</affiliation>
      <role>
         <roleTerm type="text">author</roleTerm>
      </role>
   </name>
   <name type="personal">
      <namePart type="given">Darius M.</namePart>
      <namePart type="family">Adams</namePart>
      <displayForm>Adams, Darius M.</displayForm>
      <role>
         <roleTerm type="text">author</roleTerm>
      </role>
   </name>
   <name type="personal">
      <namePart type="given">Ralph J.</namePart>
      <namePart type="family">Alig</namePart>
      <displayForm>Alig, Ralph J.</displayForm>
      <affiliation>United States Department of Agriculture, Forest Service, Pacific Northwest Research Station, , 220 SW 3rd Avenue, Suite 1400, Portland, OR 97204, US</affiliation>
      <role>
         <roleTerm type="text">author</roleTerm>
      </role>
   </name>
   <name type="personal">
      <namePart type="given">Peter J.</namePart>
      <namePart type="family">Ince</namePart>
      <displayForm>Ince, Peter J.</displayForm>
      <affiliation>United States Department of Agriculture, Forest Service, Forest Products Laboratory, Economics, Statistics and Life Cycle Analysis Research, One Gifford Pinchot Drive, Madison, WI 53726</affiliation>
      <role>
         <roleTerm type="text">author</roleTerm>
      </role>
   </name>
   <name type="personal">
      <namePart type="given">John R.</namePart>
      <namePart type="family">Mills</namePart>
      <displayForm>Mills, John R.</displayForm>
      <affiliation>United States Department of Agriculture, Forest Service, Pacific Northwest Research Station, , 220 SW 3rd Avenue, Suite 1400, Portland, OR 97204, US</affiliation>
      <role>
         <roleTerm type="text">author</roleTerm>
      </role>
   </name>
   <name type="personal">
      <namePart type="given">Xiaoping</namePart>
      <namePart type="family">Zhou</namePart>
      <displayForm>Zhou, Xiaoping</displayForm>
      <role>
         <roleTerm type="text">author</roleTerm>
      </role>
   </name>
   <typeOfResource>text</typeOfResource>
   <genre>article</genre>
   <originInfo>
      <dateIssued encoding="w3cdtf" keyDate="yes">2016-10-11</dateIssued>
   </originInfo>
   <note type="treesearch-status">Informally Refereed (Peer-Reviewed)</note>
   <language>
      <languageTerm type="code" authority="iso639-2b">eng</languageTerm>
      <languageTerm type="text">English</languageTerm>
   </language>
   <abstract>This update reports changes in the Nation's timber resource since the Analysis of the Timber Situation in the United States was completed in 2003. Prospective trends in demands for and supplies of timber, and the factors that affect these trends are examined. These trends include changes in the U.S. economy, increased salvage of British Columbia beetle-killed timber, and a stronger U.S. dollar. Other prospective trends that might alter the future timber situation are discussed including changes in U.S. timberland area, reductions in southern pine plantation establishment, impacts of climate change on forest productivity, increased restoration thinning on Western public lands, and the impact of programs to increase carbon sequestration through afforestation. Various management implications such as the influence of prices on forest management, concerns about changes in forest area, the emerging open space issue, forests as a set of commons, seeking to find greater compatibility in forest management, and the stewardship agenda are discussed.</abstract>
   <subject>
      <topic>Carbon</topic>
   </subject>
   <subject>
      <topic>Assessments</topic>
   </subject>
   <subject>
      <topic>Forest management</topic>
   </subject>
   <subject>
      <topic>Restoration</topic>
   </subject>
   <subject>
      <topic>Timber</topic>
   </subject>
   <relatedItem type="series">
      <titleInfo type="abbreviated">
         <title>Gen. Tech. Rep.</title>
      </titleInfo>
      <titleInfo>
         <title>General Technical Report (GTR)</title>
      </titleInfo>
      <part>
         <detail type="volume">
            <number>699</number>
            <caption>v.</caption>
         </detail>
         <text type="year">2016</text>
         <text type="month">10</text>
         <text type="day">11</text>
         <extent unit="pages">
            <total>212</total>
         </extent>
      </part>
   </relatedItem>
   <identifier type="doi">10.2737/PNW-GTR-699</identifier>
   <location>
      <url displayLabel="Direct access to publisher’s site">http://dx.doi.org/10.2737/PNW-GTR-699</url>
   </location>
   <identifier type="treesearch">2708</identifier>
   <identifier type="treesearch-pub">26905</identifier>
   <location>
      <url displayLabel="Direct access to publisher’s site">https://www.fs.usda.gov/treesearch/pubs/26905</url>
   </location>
   <location>
      <url displayLabel="Full Text in PDF">https://www.fs.fed.us/pnw/pubs/pnw_gtr699.pdf</url>
   </location>
   <accessCondition type="use and reproduction" displayLabel="Resource is Open Access">
      <program xmlns="https://data.crossref.org/schemas/AccessIndicators.xsd">
         <license_ref>http://purl.org/eprint/accessRights/OpenAccess</license_ref>
      </program>
   </accessCondition>
   <extension>
      <vendorName>United States. Forest Service</vendorName>
      <archiveFile/>
      <originalFile>file:/C:/Users/carlos.martinez/Desktop/json-to-mods_2xslt/workingDir_for_11-16-2021_xsl/A-26905.json</originalFile>
      <workingDirectory/>
      <!--Global Variable Values-->
      <archive_file>A-26905.json</archive_file>
      <original_file>A-26905</original_file>
      <working_directory>file:/C:/Users/carlos.martinez/Desktop/json-to-mods_2xslt/workingDir_for_11-16-2021_xsl/</working_directory>
   </extension>
</mods>
