<?xml version="1.0" encoding="UTF-8"?>
<mods xmlns:xlink="http://www.w3.org/1999/xlink"
      xmlns:xsi="http://www.w3.org/2001/XMLSchema-instance"
      version="3.7"
      xmlns="http://www.loc.gov/mods/v3"
      xsi:schemaLocation="http://www.loc.gov/mods/v3 http://www.loc.gov/standards/mods/v3/mods-3-7.xsd">
   <titleInfo>
      <title>Equivalent circuit modeling of wood at 12% moisture content</title>
   </titleInfo>
   <name type="personal" usage="primary">
      <namePart type="given">Samuel L.</namePart>
      <namePart type="family">Zelinka</namePart>
      <displayForm>Zelinka, Samuel L.</displayForm>
      <affiliation>United States Department of Agriculture, Forest Service, Forest Products Laboratory, Building and Fire Sciences, One Gifford Pinchot Drive, Madison, WI 53726</affiliation>
      <role>
         <roleTerm type="text">author</roleTerm>
      </role>
   </name>
   <name type="personal">
      <namePart type="given">Donald S.</namePart>
      <namePart type="family">Stone</namePart>
      <displayForm>Stone, Donald S.</displayForm>
      <role>
         <roleTerm type="text">author</roleTerm>
      </role>
   </name>
   <name type="personal">
      <namePart type="given">Douglas R.</namePart>
      <namePart type="family">Rammer</namePart>
      <displayForm>Rammer, Douglas R.</displayForm>
      <affiliation>United States Department of Agriculture, Forest Service, Forest Products Laboratory, Engineering Properties of Wood, Wood based Materials and Structures, One Gifford Pinchot Drive, Madison, WI 53726</affiliation>
      <role>
         <roleTerm type="text">author</roleTerm>
      </role>
   </name>
   <typeOfResource>text</typeOfResource>
   <genre>article</genre>
   <originInfo>
      <dateIssued encoding="w3cdtf" keyDate="yes">2008-11-19</dateIssued>
   </originInfo>
   <note type="treesearch-status">Informally Refereed (Peer-Reviewed)</note>
   <language>
      <languageTerm type="code" authority="iso639-2b">eng</languageTerm>
      <languageTerm type="text">English</languageTerm>
   </language>
   <relatedItem type="host">
      <titleInfo>
         <title/>
      </titleInfo>
      <part>
         <text type="year">2008</text>
         <text type="month">11</text>
         <text type="day">19</text>
         <extent unit="pages"/>
      </part>
   </relatedItem>
   <identifier type="treesearch">1524</identifier>
   <identifier type="treesearch-pub">29765</identifier>
   <location>
      <url displayLabel="Direct access to publisher’s site">https://www.fs.usda.gov/treesearch/pubs/29765</url>
   </location>
   <location>
      <url displayLabel="Full Text in PDF">https://www.fpl.fs.fed.us/documnts/pdf2007/fpl_2007_zelinka003.pdf</url>
   </location>
   <accessCondition type="use and reproduction" displayLabel="Resource is Open Access">
      <program xmlns="https://data.crossref.org/schemas/AccessIndicators.xsd">
         <license_ref>http://purl.org/eprint/accessRights/OpenAccess</license_ref>
      </program>
   </accessCondition>
   <extension>
      <vendorName>United States. Forest Service</vendorName>
      <archiveFile/>
      <originalFile>file:/C:/Users/carlos.martinez/Desktop/json-to-mods_2xslt/workingDir_for_11-16-2021_xsl/A-29765.json</originalFile>
      <workingDirectory/>
      <!--Global Variable Values-->
      <archive_file>A-29765.json</archive_file>
      <original_file>A-29765</original_file>
      <working_directory>file:/C:/Users/carlos.martinez/Desktop/json-to-mods_2xslt/workingDir_for_11-16-2021_xsl/</working_directory>
   </extension>
</mods>
