<?xml version="1.0" encoding="UTF-8"?>
<mods xmlns:xlink="http://www.w3.org/1999/xlink"
      xmlns:xsi="http://www.w3.org/2001/XMLSchema-instance"
      version="3.7"
      xmlns="http://www.loc.gov/mods/v3"
      xsi:schemaLocation="http://www.loc.gov/mods/v3 http://www.loc.gov/standards/mods/v3/mods-3-7.xsd">
   <titleInfo>
      <title>A primer on wood as dock construction material</title>
   </titleInfo>
   <name type="personal" usage="primary">
      <namePart type="given">Stan</namePart>
      <namePart type="family">Lebow</namePart>
      <displayForm>Lebow, Stan</displayForm>
      <affiliation>United States Department of Agriculture, Forest Service, Forest Products Laboratory, Durability and Wood Protection, One Gifford Pinchot Drive, Madison, WI 53726</affiliation>
      <role>
         <roleTerm type="text">author</roleTerm>
      </role>
   </name>
   <typeOfResource>text</typeOfResource>
   <genre>article</genre>
   <originInfo>
      <dateIssued encoding="w3cdtf" keyDate="yes">2008-01-08</dateIssued>
   </originInfo>
   <note type="treesearch-status">Informally Refereed (Peer-Reviewed)</note>
   <language>
      <languageTerm type="code" authority="iso639-2b">eng</languageTerm>
      <languageTerm type="text">English</languageTerm>
   </language>
   <abstract>To be a successful marina owner and operator, it’s important to understand all the facets of one’s facility, including the intricacies of one part of the marina that most boaters take for granted: the docks. When it comes to dock construction, marinas have a wide-range of materials to choose from, with one of the most commonly used materials being preservative-treated wood. This article examines the role the government plays and the role marinas and contractors can play when using wood for construction purposes.</abstract>
   <subject>
      <topic>Wood utilization</topic>
   </subject>
   <subject>
      <topic>wood preservatives</topic>
   </subject>
   <subject>
      <topic>marinas</topic>
   </subject>
   <subject>
      <topic>docks</topic>
   </subject>
   <subject>
      <topic>wood construction</topic>
   </subject>
   <subject>
      <topic>durability</topic>
   </subject>
   <subject>
      <topic>CCA</topic>
   </subject>
   <subject>
      <topic>preservatives</topic>
   </subject>
   <subject>
      <topic>chromated copper arsenate</topic>
   </subject>
   <relatedItem type="host">
      <titleInfo>
         <title>Marina dock age</title>
      </titleInfo>
      <part>
         <text type="year">2008</text>
         <text type="month">01</text>
         <text type="day">08</text>
         <extent unit="pages"/>
      </part>
   </relatedItem>
   <identifier type="treesearch">3101</identifier>
   <identifier type="treesearch-pub">29247</identifier>
   <location>
      <url displayLabel="Direct access to publisher’s site">https://www.fs.usda.gov/treesearch/pubs/29247</url>
   </location>
   <location>
      <url displayLabel="Full Text in PDF">https://www.fpl.fs.fed.us/documnts/pdf2007/fpl_2007_lebow002.pdf</url>
   </location>
   <accessCondition type="use and reproduction" displayLabel="Resource is Open Access">
      <program xmlns="https://data.crossref.org/schemas/AccessIndicators.xsd">
         <license_ref>http://purl.org/eprint/accessRights/OpenAccess</license_ref>
      </program>
   </accessCondition>
   <extension>
      <vendorName>United States. Forest Service</vendorName>
      <archiveFile/>
      <originalFile>file:/C:/Users/carlos.martinez/Desktop/json-to-mods_2xslt/workingDir_for_11-16-2021_xsl/A-29247.json</originalFile>
      <workingDirectory/>
      <!--Global Variable Values-->
      <archive_file>A-29247.json</archive_file>
      <original_file>A-29247</original_file>
      <working_directory>file:/C:/Users/carlos.martinez/Desktop/json-to-mods_2xslt/workingDir_for_11-16-2021_xsl/</working_directory>
   </extension>
</mods>
