
{
    "product_id": "1687",
    "ac22_approved_for_public": "1",
    "primary_station": "FPL",
    "historical_station": "OTHER",
    "entrystatus": "Published to Web",
    "product_type_id": "1",
    "product_type_desc": "Publication",
    "product_subtype_id": null,
    "product_subtype_desc": null,
    "referee_status_id": "2",
    "status_name": "Informally Refereed (Peer-Reviewed)",
    "pub_type_id": "53",
    "pub_type_desc": "Miscellaneous Publication",
    "title": "Chlorination of lignin by ubiquitous fungi has a likely role in global organochlorine production",
    "product_year": " 2007",
    "abstract": "Soils and decayed plant litter contain significant quantities of chlorinated aromatic polymers that have a natural but largely unknown origin.  We used cupric oxide ligninolysis coupled with gas chromatography/mass spectrometry to show that Curvularia inaequalis, a widely distributed litter ascomycete, chlorinated the aromatic rings of lignin in wood that it was degrading.  In aspen wood decayed for 24 weeks, two chlorolignin fragments, 5-chlorovanillin and 2-chlorosyringaldehyde, were each found at 10 [mu]g/g of wood (dry weight).  These levels resemble those of similar structures generally found in unpolluted environmental samples.  Fractionation of the extractable proteins followed by wood contained a previously described C. inaequalis chloroperoxidase that very likely catalyzed lignin chlorination.  Chlorolignin produced by this route and humus derived from it are probably significant components of the global chlorine cycle because chloroperoxidase-producing fungi are ubiquitous in decaying lignocellulose and lignin is the earth’s most abundant aromatic substance.",
    "citation": "Ortiz-Bermudez, Patricia; Hirth, Kolby C.; Srebotnik, Ewald; Hammel, Kenneth E. 2007. Chlorination of lignin by ubiquitous fungi has a likely role in global organochlorine production.  Proceedings of the National Academy of Sciences of the United States of America.  Vol. 104, no. 10 (Mar. 6, 2007): Pages 3895-3900",
    "keywords": "Enzymes, industrial applications, fungal enzymes, gas chromatography, organochlorine compounds, chlorination, fungi, industrial applications, lignin, mass spectrometry, fractionation, cupric oxide ligninolysis, aromatic rings, chloroperoxidases, CPO, analysis, chemistry, Curvularia inaequalis",
    "doi": null,
    "url_binary_file": "https://www.fpl.fs.fed.us/documnts/pdf2007/fpl_2007_ortiz-bermudez001.pdf",
    "binary_filesize": "639 KB",
    "url_landing_page": "https://www.fs.usda.gov/treesearch/pubs/29791",
    "treesearch_pub_id": "29791",
    "pub_parent_id": null,
    "pub_child_number": null,
    "pub_parent_ind": "0",
    "pub_publication": "Proceedings of the National Academy of Sciences of the United States of America.  Vol. 104, no. 10 (Mar. 6, 2007): Pages 3895-3900",
    "proceedings_ind": "0",
    "pub_volume": null,
    "pub_issue": null,
    "pub_page": null,
    "pub_page_start": null,
    "pub_page_end": null,
    "pub_source": "T",
    "geographic_terms": null,
    "issn_id": null,
    "is_early_release": "0",
    "created_on": "16-APR-2008 11:01:41",
    "modified_on": "16-APR-2008 11:19:58",
    "send_to_reviewer_ind": "A",
    "publish_to_web_ind": "Y",
    "send_to_reviewer": null,
    "child_publications": "",
    "national_research_taxonomy_elements": "",
    "pub_authors": [
        {
            "name": "Ortiz-Bermudez, Patricia",
            "station_id": "",
            "unit_id": "",
            "team_id": "",
            "alias": "",
            "user_id": "",
            "is_employee_active": "0",
            "is_researcher": "0",
            "author_order": "1"
        },
        {
            "name": "Hirth, Kolby C.",
            "station_id": "FPL",
            "unit_id": "ACML",
            "team_id": "",
            "alias": "khirth",
            "user_id": "45",
            "is_employee_active": "1",
            "is_researcher": "0",
            "author_order": "2"
        },
        {
            "name": "Srebotnik, Ewald",
            "station_id": "",
            "unit_id": "",
            "team_id": "",
            "alias": "",
            "user_id": "",
            "is_employee_active": "0",
            "is_researcher": "0",
            "author_order": "3"
        },
        {
            "name": "Hammel, Kenneth E.",
            "station_id": "FPL",
            "unit_id": "4712",
            "team_id": "",
            "alias": "khammel",
            "user_id": "26",
            "is_employee_active": "0",
            "is_researcher": "1",
            "author_order": "4"
        }
    ],
    "current_organizational_memberships": [
        {
            "name": "Ortiz-Bermudez, Patricia",
            "station_id": "",
            "unit_id": "",
            "team_id": "",
            "alias": "",
            "user_id": "",
            "is_employee_active": "0",
            "is_researcher": "0",
            "author_order": "1"
        },
        {
            "name": "Hirth, Kolby C.",
            "station_id": "FPL",
            "unit_id": "ACML",
            "team_id": "",
            "alias": "khirth",
            "user_id": "45",
            "is_employee_active": "1",
            "is_researcher": "0",
            "author_order": "2"
        },
        {
            "name": "Srebotnik, Ewald",
            "station_id": "",
            "unit_id": "",
            "team_id": "",
            "alias": "",
            "user_id": "",
            "is_employee_active": "0",
            "is_researcher": "0",
            "author_order": "3"
        },
        {
            "name": "Hammel, Kenneth E.",
            "station_id": "FPL",
            "unit_id": "4712",
            "team_id": "",
            "alias": "khammel",
            "user_id": "26",
            "is_employee_active": "0",
            "is_researcher": "1",
            "author_order": "4"
        }
    ],
    "strategic_program_areas": "",
    "cris_projects": "",
    "experimental_forests": "",
    "eco_regions": "",
    "latlongs": "",
    "usnatforests": "",
    "countystates": ""
}