
{
    "product_id": "645",
    "ac22_approved_for_public": "1",
    "primary_station": "SRS",
    "historical_station": "OTHER",
    "entrystatus": "Published to Web",
    "product_type_id": "1",
    "product_type_desc": "Publication",
    "product_subtype_id": null,
    "product_subtype_desc": null,
    "referee_status_id": "2",
    "status_name": "Informally Refereed (Peer-Reviewed)",
    "pub_type_id": "1",
    "pub_type_desc": "Scientific Journal (JRNL)",
    "title": "Chemical changes with maturation of the bamboo species phyllostachys pubescens",
    "product_year": " 2007",
    "abstract": "Chemical changes with maturation of the bamboo species Phyllostachys pubescens. Bamboo chemical properties were measured at three different heights from one-, three- and five-year-old plants and at three different radial positions from the thre-year-old culms of Phyllostachys pubescenssouth-eastern USA. Small but significant increases in holocellulose and a-cellulose contents were detected from the base to the top of the culm at all three ages. In contrast, no significant differences in Klason lignin and ash were detected. The increases in carbohydrate content with age correlated with increases in specific gravity. Alcohol-toluene extractive content increased from the base to the top of the stem in the three-year-old and five-year-old bamboo and showed a continuous increase with age. The epidermis had the highest extractive and ash contents and the lowest holocellulose and a-cellulose contents. The outer layer of the stem had the highest holocellulose, a-cellulose and Klason lignin contents and the lowest extractive and ash contents. The chemical content and specific gravity of bamboo stabilizes at about three years of age, which is an appropriate time for harvesting.",
    "citation": "Li, X.B.; Shupe, T.F.; Peter, G.F.; Hse, C.Y.; Eberhardt, T.L. 2007. Chemical changes with maturation of the bamboo species phyllostachys pubescens.  Journal of Tropical Forest Science, Vol. 19(1): 6-12",
    "keywords": "anatomy, ash, cellulose, chemical analysis, extractives, lignin",
    "doi": null,
    "url_binary_file": "https://www.srs.fs.usda.gov/pubs/ja/ja_li014.pdf",
    "binary_filesize": "1.0 MB",
    "url_landing_page": "https://www.fs.usda.gov/treesearch/pubs/29071",
    "treesearch_pub_id": "29071",
    "pub_parent_id": null,
    "pub_child_number": null,
    "pub_parent_ind": "0",
    "pub_publication": "Journal of Tropical Forest Science, Vol. 19(1): 6-12",
    "proceedings_ind": "0",
    "pub_volume": "19",
    "pub_issue": "1",
    "pub_page": "7",
    "pub_page_start": "6",
    "pub_page_end": "12",
    "pub_source": "T",
    "geographic_terms": null,
    "issn_id": null,
    "is_early_release": "0",
    "created_on": "30-NOV-2007 13:24:01",
    "modified_on": "07-OCT-2016 08:11:59",
    "send_to_reviewer_ind": "A",
    "publish_to_web_ind": "Y",
    "send_to_reviewer": "07-OCT-2016 08:11:59",
    "child_publications": "",
    "national_research_taxonomy_elements": "",
    "pub_authors": [
        {
            "name": "Li, X.B.",
            "station_id": "",
            "unit_id": "",
            "team_id": "",
            "alias": "",
            "user_id": "",
            "is_employee_active": "0",
            "is_researcher": "0",
            "author_order": "1"
        },
        {
            "name": "Shupe, T.F.",
            "station_id": "",
            "unit_id": "",
            "team_id": "",
            "alias": "",
            "user_id": "",
            "is_employee_active": "0",
            "is_researcher": "0",
            "author_order": "2"
        },
        {
            "name": "Peter, G.F.",
            "station_id": "",
            "unit_id": "",
            "team_id": "",
            "alias": "",
            "user_id": "",
            "is_employee_active": "0",
            "is_researcher": "0",
            "author_order": "3"
        },
        {
            "name": "Hse, C.Y.",
            "station_id": "",
            "unit_id": "",
            "team_id": "",
            "alias": "",
            "user_id": "",
            "is_employee_active": "0",
            "is_researcher": "0",
            "author_order": "4"
        },
        {
            "name": "Eberhardt, T.L.",
            "station_id": "SRS",
            "unit_id": "4704",
            "team_id": "",
            "alias": "teberhardt",
            "user_id": "2723",
            "is_employee_active": "1",
            "is_researcher": "1",
            "author_order": "5"
        }
    ],
    "current_organizational_memberships": [
        {
            "name": "Li, X.B.",
            "station_id": "",
            "unit_id": "",
            "team_id": "",
            "alias": "",
            "user_id": "",
            "is_employee_active": "0",
            "is_researcher": "0",
            "author_order": "1"
        },
        {
            "name": "Shupe, T.F.",
            "station_id": "",
            "unit_id": "",
            "team_id": "",
            "alias": "",
            "user_id": "",
            "is_employee_active": "0",
            "is_researcher": "0",
            "author_order": "2"
        },
        {
            "name": "Peter, G.F.",
            "station_id": "",
            "unit_id": "",
            "team_id": "",
            "alias": "",
            "user_id": "",
            "is_employee_active": "0",
            "is_researcher": "0",
            "author_order": "3"
        },
        {
            "name": "Hse, C.Y.",
            "station_id": "",
            "unit_id": "",
            "team_id": "",
            "alias": "",
            "user_id": "",
            "is_employee_active": "0",
            "is_researcher": "0",
            "author_order": "4"
        },
        {
            "name": "Eberhardt, T.L.",
            "station_id": "FPL",
            "unit_id": "4715",
            "team_id": "",
            "alias": "teberhardt",
            "user_id": "2723",
            "is_employee_active": "1",
            "is_researcher": "1",
            "author_order": "5"
        }
    ],
    "strategic_program_areas": "",
    "cris_projects": "",
    "experimental_forests": "",
    "eco_regions": "",
    "latlongs": "",
    "usnatforests": "",
    "countystates": ""
}