
{
    "product_id": "2213",
    "ac22_approved_for_public": "1",
    "primary_station": "FPL",
    "historical_station": "FPL",
    "entrystatus": "Published to Web",
    "product_type_id": "1",
    "product_type_desc": "Publication",
    "product_subtype_id": null,
    "product_subtype_desc": null,
    "referee_status_id": "2",
    "status_name": "Informally Refereed (Peer-Reviewed)",
    "pub_type_id": "7",
    "pub_type_desc": "Research Paper (RP)",
    "title": "Feasibility of producing value-added wood products from reclaimed hemlock lumber",
    "product_year": " 2007",
    "abstract": "This study evaluated the feasibility of producing value-added wood products from hemlock lumber salvaged from building deconstruction. About 6,000 board feet of lumber, ranging in size from 3 in. by 8 in. to 3 in. by 12 in., was remilled into four products including log cabin siding, V-groove paneling, beadboard (wainscoting), and tongue and groove flooring. The general quality of the products produced was high and little loss was found after processing, although checks, ringshake, and face-nail holes were found in some pieces. The yield of value-added products was rather low (about 33%) and was constant over lumber size and product type. The authors believe yield could be increased with better on-site trimming.",
    "citation": "Janowiak, John J.; Falk, Robert H.; Kimmel, Jeffery D. 2007. Feasibility of producing value-added wood products from reclaimed hemlock lumber.  Research Paper FPL-RP-645. Madison, WI: U.S. Department of Agriculture, Forest Service, Forest Products Laboratory. 13 pages",
    "keywords": "Deconstruction, re-milling, salvage, lumber, wood, timber, reclaimed, recycling, reuse, recycled products, value added, feasibility studies, buildings, eastern hemlock, recycling, Tsuga canadensis",
    "doi": "10.2737/FPL-RP-645",
    "url_binary_file": "https://www.fpl.fs.fed.us/documnts/fplrp/fpl_rp645.pdf",
    "binary_filesize": "1.31 MB",
    "url_landing_page": "https://www.fs.usda.gov/treesearch/pubs/29848",
    "treesearch_pub_id": "29848",
    "pub_parent_id": null,
    "pub_child_number": null,
    "pub_parent_ind": "0",
    "pub_publication": "Research Paper FPL-RP-645. Madison, WI: U.S. Department of Agriculture, Forest Service, Forest Products Laboratory. 13 pages",
    "proceedings_ind": "0",
    "pub_volume": "645",
    "pub_issue": null,
    "pub_page": null,
    "pub_page_start": null,
    "pub_page_end": null,
    "pub_source": "T",
    "geographic_terms": null,
    "issn_id": null,
    "is_early_release": "0",
    "created_on": "25-APR-2008 16:52:01",
    "modified_on": "25-APR-2008 16:57:38",
    "send_to_reviewer_ind": "A",
    "publish_to_web_ind": "Y",
    "send_to_reviewer": null,
    "child_publications": "",
    "national_research_taxonomy_elements": "",
    "pub_authors": [
        {
            "name": "Janowiak, John J.",
            "station_id": "",
            "unit_id": "",
            "team_id": "",
            "alias": "",
            "user_id": "",
            "is_employee_active": "0",
            "is_researcher": "0",
            "author_order": "1"
        },
        {
            "name": "Falk, Robert H.",
            "station_id": "FPL",
            "unit_id": "4714",
            "team_id": "",
            "alias": "rhfalk",
            "user_id": "13",
            "is_employee_active": "0",
            "is_researcher": "1",
            "author_order": "2"
        },
        {
            "name": "Kimmel, Jeffery D.",
            "station_id": "",
            "unit_id": "",
            "team_id": "",
            "alias": "",
            "user_id": "",
            "is_employee_active": "0",
            "is_researcher": "0",
            "author_order": "3"
        }
    ],
    "current_organizational_memberships": [
        {
            "name": "Janowiak, John J.",
            "station_id": "",
            "unit_id": "",
            "team_id": "",
            "alias": "",
            "user_id": "",
            "is_employee_active": "0",
            "is_researcher": "0",
            "author_order": "1"
        },
        {
            "name": "Falk, Robert H.",
            "station_id": "FPL",
            "unit_id": "4714",
            "team_id": "",
            "alias": "rhfalk",
            "user_id": "13",
            "is_employee_active": "0",
            "is_researcher": "1",
            "author_order": "2"
        },
        {
            "name": "Kimmel, Jeffery D.",
            "station_id": "",
            "unit_id": "",
            "team_id": "",
            "alias": "",
            "user_id": "",
            "is_employee_active": "0",
            "is_researcher": "0",
            "author_order": "3"
        }
    ],
    "strategic_program_areas": "",
    "cris_projects": "",
    "experimental_forests": "",
    "eco_regions": "",
    "latlongs": "",
    "usnatforests": "",
    "countystates": ""
}