
{
    "product_id": "2194",
    "ac22_approved_for_public": "1",
    "primary_station": "FPL",
    "historical_station": "FPL",
    "entrystatus": "Published to Web",
    "product_type_id": "1",
    "product_type_desc": "Publication",
    "product_subtype_id": null,
    "product_subtype_desc": null,
    "referee_status_id": "2",
    "status_name": "Informally Refereed (Peer-Reviewed)",
    "pub_type_id": "8",
    "pub_type_desc": "Research Note (RN)",
    "title": "Censoring Data for Resistance Factor Calculations in Load and Resistance Factor Design: A Preliminary Study",
    "product_year": " 2007",
    "abstract": "Reliability estimates for the resistance distribution of wood product properties may be made from test data where all specimens are broken (full data sets) or by using data sets where information is obtained only from the weaker pieces in the distribution (censored data). Whereas considerable information exists on property estimation from full data sets, much less information is available on property estimation using censored data. To assess the need for a more rigorous study, a small simulation study was conducted to identify potential problems that could be associated with censoring effects on property estimates from an assumed Weibull distribution for use in reliability-based standards such as ASTM D 5457. Results suggest that reasonable estimates of property percentiles may be obtained when the censoring point is above the percentile needed. However, censoring also affects the estimate of the Weibull shape parameter, and therefore the coefficient of variation. This is important because the coefficient of variation is used to estimate the data confidence factor and the normalization factor also used in determining the data resistance factor. The simulation suggests that for a given sample size, the estimate of Weibull-shape parameter gets better as more of the distribution is included. Further studies are recommended to provide guidance on use of censored data with both the two- and three-parameter Wiebull distributions.",
    "citation": "Evans, James W.; Green, David W. 2007. Censoring data for resistance factor calculations in load and resistance factor design: a preliminary study. U.S. Department of Agriculture, Forest Service, Forest Products Laboratory, Madison, WI; Research Note, FPL-RN-0304; 6 p.",
    "keywords": "Weibull distribution, reliability-based design, censored data, Weibull distribution, censored data",
    "doi": "10.2737/FPL-RN-304",
    "url_binary_file": "https://www.fpl.fs.fed.us/documnts/fplrn/fpl_rn304.pdf",
    "binary_filesize": "499.0 KB",
    "url_landing_page": "https://www.fs.usda.gov/treesearch/pubs/29844",
    "treesearch_pub_id": "29844",
    "pub_parent_id": null,
    "pub_child_number": null,
    "pub_parent_ind": "0",
    "pub_publication": "U.S. Department of Agriculture, Forest Service, Forest Products Laboratory, Madison, WI; Research Note, FPL-RN-0304; 6 p. ",
    "proceedings_ind": "0",
    "pub_volume": "0304",
    "pub_issue": null,
    "pub_page": "6",
    "pub_page_start": null,
    "pub_page_end": null,
    "pub_source": "T",
    "geographic_terms": null,
    "issn_id": null,
    "is_early_release": "0",
    "created_on": "25-APR-2008 16:08:13",
    "modified_on": "28-JAN-2016 08:35:00",
    "send_to_reviewer_ind": "A",
    "publish_to_web_ind": "Y",
    "send_to_reviewer": "21-JAN-2016 09:26:31",
    "child_publications": "",
    "national_research_taxonomy_elements": "",
    "pub_authors": [
        {
            "name": "Evans, James W.",
            "station_id": "FPL",
            "unit_id": "4851",
            "team_id": "",
            "alias": "jwevans",
            "user_id": "84",
            "is_employee_active": "0",
            "is_researcher": "1",
            "author_order": "1"
        },
        {
            "name": "Green, David W.",
            "station_id": "FPL",
            "unit_id": "",
            "team_id": "",
            "alias": "",
            "user_id": "",
            "is_employee_active": "0",
            "is_researcher": "0",
            "author_order": "2"
        }
    ],
    "current_organizational_memberships": [
        {
            "name": "Evans, James W.",
            "station_id": "FPL",
            "unit_id": "4851",
            "team_id": "",
            "alias": "jwevans",
            "user_id": "84",
            "is_employee_active": "0",
            "is_researcher": "1",
            "author_order": "1"
        },
        {
            "name": "Green, David W.",
            "station_id": "FPL",
            "unit_id": "",
            "team_id": "",
            "alias": "",
            "user_id": "",
            "is_employee_active": "0",
            "is_researcher": "0",
            "author_order": "2"
        }
    ],
    "strategic_program_areas": "",
    "cris_projects": "",
    "experimental_forests": "",
    "eco_regions": "",
    "latlongs": "",
    "usnatforests": "",
    "countystates": ""
}