
{
    "product_id": "116",
    "ac22_approved_for_public": "1",
    "primary_station": "FPL",
    "historical_station": "OTHER",
    "entrystatus": "Published to Web",
    "product_type_id": "1",
    "product_type_desc": "Publication",
    "product_subtype_id": null,
    "product_subtype_desc": null,
    "referee_status_id": "2",
    "status_name": "Informally Refereed (Peer-Reviewed)",
    "pub_type_id": "53",
    "pub_type_desc": "Miscellaneous Publication",
    "title": "POM-assisted electrochemical delignification and bleaching of chemical pulp",
    "product_year": " 2001",
    "abstract": "A polyoxometalate-catalyzed electrochemical process has shown good selectivity in delignifying pulp. This breakthrough in redox catalysis shows promise for the development of a new environmentally benign technology for pulp bleaching. The electrochemical process, applied with a mildly alkaline electrolyte solution containing trace amounts of a vanadium-based polyoxometalate, K5[SiVW11O40], decreased the kappa number of a softwood Kraft pulp by about 40% without significant change in the viscosity of the pulp. In a similar electrochemical process, a softwood semi-bleached Kraft pulp was further bleached to a high brightness pulp, above 85% ISO, by electrolysing a borax-based electrolyte activated with tetraacetylethylenediamine in a pulp suspension.",
    "citation": "Laroche, Helene; Sain, Mohini; Houtman, Carl; Daneault, Claude. 2001. POM-assisted electrochemical delignification and bleaching of chemical pulp.  Cellulose chemistry and technology. Vol. 35, nos. 5-6 (2001): Pages 503-511.",
    "keywords": "Wood pulp, viscosity, vanadium, electrochemistry, sulphate pulping process, polyoxometalates, bleaching, pulping, chemical reactions, catalysis, lignin, oxidation, hydrogen, ion exchange, tetraacetylenediamine, softwoods, pulp and paper processes, pulp, delignification, brightness, chemical pulp, electrochemistry",
    "doi": null,
    "url_binary_file": "https://www.fpl.fs.fed.us/documnts/pdf2001/laroc01a.pdf",
    "binary_filesize": "316 KB",
    "url_landing_page": "https://www.fs.usda.gov/treesearch/pubs/29552",
    "treesearch_pub_id": "29552",
    "pub_parent_id": null,
    "pub_child_number": null,
    "pub_parent_ind": "0",
    "pub_publication": "Cellulose chemistry and technology. Vol. 35, nos. 5-6 (2001): Pages 503-511.",
    "proceedings_ind": "0",
    "pub_volume": null,
    "pub_issue": null,
    "pub_page": null,
    "pub_page_start": null,
    "pub_page_end": null,
    "pub_source": "T",
    "geographic_terms": null,
    "issn_id": null,
    "is_early_release": "0",
    "created_on": "25-MAR-2008 16:27:18",
    "modified_on": "25-MAR-2008 16:35:28",
    "send_to_reviewer_ind": "A",
    "publish_to_web_ind": "Y",
    "send_to_reviewer": null,
    "child_publications": "",
    "national_research_taxonomy_elements": "",
    "pub_authors": [
        {
            "name": "Laroche, Helene",
            "station_id": "",
            "unit_id": "",
            "team_id": "",
            "alias": "",
            "user_id": "",
            "is_employee_active": "0",
            "is_researcher": "0",
            "author_order": "1"
        },
        {
            "name": "Sain, Mohini",
            "station_id": "",
            "unit_id": "",
            "team_id": "",
            "alias": "",
            "user_id": "",
            "is_employee_active": "0",
            "is_researcher": "0",
            "author_order": "2"
        },
        {
            "name": "Houtman, Carl",
            "station_id": "FPL",
            "unit_id": "4706",
            "team_id": "",
            "alias": "choutman",
            "user_id": "47",
            "is_employee_active": "1",
            "is_researcher": "1",
            "author_order": "3"
        },
        {
            "name": "Daneault, Claude",
            "station_id": "",
            "unit_id": "",
            "team_id": "",
            "alias": "",
            "user_id": "",
            "is_employee_active": "0",
            "is_researcher": "0",
            "author_order": "4"
        }
    ],
    "current_organizational_memberships": [
        {
            "name": "Laroche, Helene",
            "station_id": "",
            "unit_id": "",
            "team_id": "",
            "alias": "",
            "user_id": "",
            "is_employee_active": "0",
            "is_researcher": "0",
            "author_order": "1"
        },
        {
            "name": "Sain, Mohini",
            "station_id": "",
            "unit_id": "",
            "team_id": "",
            "alias": "",
            "user_id": "",
            "is_employee_active": "0",
            "is_researcher": "0",
            "author_order": "2"
        },
        {
            "name": "Houtman, Carl",
            "station_id": "FPL",
            "unit_id": "4709",
            "team_id": "",
            "alias": "choutman",
            "user_id": "47",
            "is_employee_active": "1",
            "is_researcher": "1",
            "author_order": "3"
        },
        {
            "name": "Daneault, Claude",
            "station_id": "",
            "unit_id": "",
            "team_id": "",
            "alias": "",
            "user_id": "",
            "is_employee_active": "0",
            "is_researcher": "0",
            "author_order": "4"
        }
    ],
    "strategic_program_areas": "",
    "cris_projects": "",
    "experimental_forests": "",
    "eco_regions": "",
    "latlongs": "",
    "usnatforests": "",
    "countystates": ""
}