<?xml version="1.0" encoding="UTF-8"?>
<mods xmlns:xlink="http://www.w3.org/1999/xlink"
      xmlns:xsi="http://www.w3.org/2001/XMLSchema-instance"
      version="3.7"
      xmlns="http://www.loc.gov/mods/v3"
      xsi:schemaLocation="http://www.loc.gov/mods/v3 http://www.loc.gov/standards/mods/v3/mods-3-7.xsd">
   <titleInfo>
      <title>Durability and mechanical properties of silane cross-linked wood thermoplastic composites</title>
   </titleInfo>
   <name type="personal" usage="primary">
      <namePart type="given">Magnus</namePart>
      <namePart type="family">Bengtsson</namePart>
      <displayForm>Bengtsson, Magnus</displayForm>
      <role>
         <roleTerm type="text">author</roleTerm>
      </role>
   </name>
   <name type="personal">
      <namePart type="given">Nicole M.</namePart>
      <namePart type="family">Stark</namePart>
      <displayForm>Stark, Nicole M.</displayForm>
      <affiliation>United States Department of Agriculture, Forest Service, Forest Products Laboratory, One Gifford Pinchot Drive, Madison, WI 53726</affiliation>
      <role>
         <roleTerm type="text">author</roleTerm>
      </role>
   </name>
   <name type="personal">
      <namePart type="given">Kristiina</namePart>
      <namePart type="family">Oksman</namePart>
      <displayForm>Oksman, Kristiina</displayForm>
      <role>
         <roleTerm type="text">author</roleTerm>
      </role>
   </name>
   <typeOfResource>text</typeOfResource>
   <genre>article</genre>
   <originInfo>
      <dateIssued encoding="w3cdtf" keyDate="yes">2008-12-30</dateIssued>
   </originInfo>
   <note type="treesearch-status">Informally Refereed (Peer-Reviewed)</note>
   <language>
      <languageTerm type="code" authority="iso639-2b">eng</languageTerm>
      <languageTerm type="text">English</languageTerm>
   </language>
   <abstract>In this study, silane cross-linked wood–polyethylene composite profiles were manufactured by reactive extrusion. These composites were evaluated regarding their durability and mechanical properties in comparison with two non-cross-linked wood– polyethylene composites. An addition of only 2% w/w of silane solution during manufacturing was enough to achieve almost 60% degree of cross-linking after curing. The cross-linked composites showed flexural toughness superior to the non-cross-linked composites. The cross-linked composites also absorbed less moisture during a boiling test in water and this was an indirect evidence of improved interfacial adhesion. After accelerated weathering for 1000–3000h the general trend was a decrease in flexural modulus and strength of both the non-cross-linked and cross-linked composites. The decrease in modulus seemed to be lower for the cross-linked composites while the decrease in strength seemed to be higher compared to the non-cross-linked composites. Weathering also resulted in a considerable colour fading of the composites. Water absorption–freeze–thaw cycling decreased the flexural modulus of non-cross-linked composites considerably while there was no statistical decrease in modulus for the cross- linked composites. There was only an insignificant decrease in strength for the composites after the water absorption–freeze–thaw cycling.</abstract>
   <subject>
      <topic>Polymer matrix composites</topic>
   </subject>
   <subject>
      <topic>mechanical properties</topic>
   </subject>
   <subject>
      <topic>durability</topic>
   </subject>
   <subject>
      <topic>extrusion</topic>
   </subject>
   <subject>
      <topic>cross-linking</topic>
   </subject>
   <subject>
      <topic>weathering</topic>
   </subject>
   <subject>
      <topic>extrusion process</topic>
   </subject>
   <subject>
      <topic>adhesion</topic>
   </subject>
   <subject>
      <topic>wood plastic composites</topic>
   </subject>
   <subject>
      <topic>composite materials</topic>
   </subject>
   <subject>
      <topic>thermoplastic composites</topic>
   </subject>
   <subject>
      <topic>silane</topic>
   </subject>
   <subject>
      <topic>crosslinking</topic>
   </subject>
   <subject>
      <topic>polymerization</topic>
   </subject>
   <subject>
      <topic>polyethylene</topic>
   </subject>
   <subject>
      <topic>elasticity</topic>
   </subject>
   <subject>
      <topic>accelerated life testing</topic>
   </subject>
   <subject>
      <topic>accelerated testing</topic>
   </subject>
   <subject>
      <topic>strength</topic>
   </subject>
   <subject>
      <topic>wood plastic materials</topic>
   </subject>
   <subject>
      <topic>modulus of elasticity</topic>
   </subject>
   <relatedItem type="host">
      <part>
         <text type="year">2008</text>
         <text type="month">12</text>
         <text type="day">30</text>
         <extent unit="pages"><!--test 3--><!--test 3d-->Bengtsson, Magnus; Stark, Nicole M.; Oksman, Kristiina. 2007. Durability and mechanical properties of silane cross-linked wood thermoplastic composites. Composites Science and Technology. 67(13): 2728-2738.<!--test 3b--><start/>
            <end/>
            <total/>
            <!--test 3d-->Bengtsson, Magnus; Stark, Nicole M.; Oksman, Kristiina. 2007. Durability and mechanical properties of silane cross-linked wood thermoplastic composites. Composites Science and Technology. 67(13): 2728-2738.</extent>
      </part>
   </relatedItem>
   <identifier type="treesearch">3023</identifier>
   <identifier type="treesearch-pub">29232</identifier>
   <location>
      <url displayLabel="Direct access to publisher’s site">https://www.fs.usda.gov/treesearch/pubs/29232</url>
   </location>
   <location>
      <url displayLabel="Full Text in PDF">https://www.fpl.fs.fed.us/documnts/pdf2007/fpl_2007_bengtsson001.pdf</url>
   </location>
   <extension>
      <vendorName/>
      <archiveFile/>
      <originalFile>file:/C:/Users/carlos.martinez/Desktop/json-to-mods_2xslt/workingDir_11-27-2021_xsl/A-29232.json</originalFile>
      <workingDirectory/>
      <!--values of new global variables-->
      <archive_file>A-29232.json</archive_file>
      <original_file>A-29232</original_file>
      <working_directory>file:/C:/Users/carlos.martinez/Desktop/json-to-mods_2xslt/workingDir_11-27-2021_xsl/</working_directory>
   </extension>
</mods>
