<?xml version="1.0" encoding="UTF-8"?>
<mods xmlns:xlink="http://www.w3.org/1999/xlink"
      xmlns:xsi="http://www.w3.org/2001/XMLSchema-instance"
      version="3.7"
      xmlns="http://www.loc.gov/mods/v3"
      xsi:schemaLocation="http://www.loc.gov/mods/v3 http://www.loc.gov/standards/mods/v3/mods-3-7.xsd">
   <titleInfo>
      <title>Acoustic assessment of stress level and potential wood quality of logs affected by oak decline</title>
   </titleInfo>
   <name type="personal" usage="primary">
      <namePart type="given">Xiping</namePart>
      <namePart type="family">Wang</namePart>
      <displayForm>Wang, Xiping</displayForm>
      <affiliation>United States Department of Agriculture, Forest Service, Forest Products Laboratory, One Gifford Pinchot Drive, Madison, WI 53726</affiliation>
      <role>
         <roleTerm type="text">author</roleTerm>
      </role>
   </name>
   <name type="personal">
      <namePart type="given">Henry E.</namePart>
      <namePart type="family">Stelzer</namePart>
      <displayForm>Stelzer, Henry E.</displayForm>
      <role>
         <roleTerm type="text">author</roleTerm>
      </role>
   </name>
   <name type="personal">
      <namePart type="given">Jan</namePart>
      <namePart type="family">Wiedenbeck</namePart>
      <displayForm>Wiedenbeck, Jan</displayForm>
      <affiliation>United States Department of Agriculture, Forest Service, Northern Research Station, One Gifford Pinchot Drive, Madison, WI 53726</affiliation>
      <role>
         <roleTerm type="text">author</roleTerm>
      </role>
   </name>
   <name type="personal">
      <namePart type="given">Robert J.</namePart>
      <namePart type="family">Ross</namePart>
      <displayForm>Ross, Robert J.</displayForm>
      <affiliation>United States Department of Agriculture, Forest Service, Forest Products Laboratory, One Gifford Pinchot Drive, Madison, WI 53726</affiliation>
      <role>
         <roleTerm type="text">author</roleTerm>
      </role>
   </name>
   <typeOfResource>text</typeOfResource>
   <genre>article</genre>
   <originInfo>
      <dateIssued encoding="w3cdtf" keyDate="yes">2008-11-18</dateIssued>
   </originInfo>
   <note type="treesearch-status">Informally Refereed (Peer-Reviewed)</note>
   <language>
      <languageTerm type="code" authority="iso639-2b">eng</languageTerm>
      <languageTerm type="text">English</languageTerm>
   </language>
   <relatedItem type="host">
      <part>
         <text type="year">2008</text>
         <text type="month">11</text>
         <text type="day">18</text>
