<?xml version="1.0" encoding="UTF-8"?>
<mods xmlns:xlink="http://www.w3.org/1999/xlink"
      xmlns:xsi="http://www.w3.org/2001/XMLSchema-instance"
      version="3.7"
      xmlns="http://www.loc.gov/mods/v3"
      xsi:schemaLocation="http://www.loc.gov/mods/v3 http://www.loc.gov/standards/mods/v3/mods-3-7.xsd">
   <titleInfo>
      <title>The effect of initial cell concentration on xylose fermentation by Pichia stipitis</title>
   </titleInfo>
   <name type="personal" usage="primary">
      <namePart type="given">Frank K.</namePart>
      <namePart type="family">Agbogbo</namePart>
      <displayForm>Agbogbo, Frank K.</displayForm>
      <role>
         <roleTerm type="text">author</roleTerm>
      </role>
   </name>
   <name type="personal">
      <namePart type="given">Guillermo</namePart>
      <namePart type="family">Coward-Kelly</namePart>
      <displayForm>Coward-Kelly, Guillermo</displayForm>
      <role>
         <roleTerm type="text">author</roleTerm>
      </role>
   </name>
   <name type="personal">
      <namePart type="given">Mads</namePart>
      <namePart type="family">Torry-Smith</namePart>
      <displayForm>Torry-Smith, Mads</displayForm>
      <role>
         <roleTerm type="text">author</roleTerm>
      </role>
   </name>
   <name type="personal">
      <namePart type="given">Kevin</namePart>
      <namePart type="family">Wenger</namePart>
      <displayForm>Wenger, Kevin</displayForm>
      <role>
         <roleTerm type="text">author</roleTerm>
      </role>
   </name>
   <name type="personal">
      <namePart type="given">Thomas W.</namePart>
      <namePart type="family">Jeffries</namePart>
      <displayForm>Jeffries, Thomas W.</displayForm>
      <affiliation>United States Department of Agriculture, Forest Service, Forest Products Laboratory, One Gifford Pinchot Drive, Madison, WI 53726</affiliation>
      <role>
         <roleTerm type="text">author</roleTerm>
      </role>
   </name>
   <typeOfResource>text</typeOfResource>
   <genre>article</genre>
   <originInfo>
      <dateIssued encoding="w3cdtf" keyDate="yes">2008-01-08</dateIssued>
   </originInfo>
   <note type="treesearch-status">Informally Refereed (Peer-Reviewed)</note>
   <language>
      <languageTerm type="code" authority="iso639-2b">eng</languageTerm>
      <languageTerm type="text">English</languageTerm>
   </language>
   <abstract>Xylose was fermented using Pichia stipitis CBS 6054 at different initial cell concentrations. A high initial cell concentration increased the rate of xylose utilization, ethanol formation, and the ethanol yield. The highest ethanol concentration of 41.0 g/L and a yield of 0.38 g/g was obtained using an initial cell concentration of 6.5 g/L. Even though more xylitol was produced when the initial cell concentrations were high, cell density had no effect on the final ethanol yield. A two- parameter mathematical model was used to predict the cell population dynamics at the different initial cell concentrations. The model parameters, a and b correlate with the initial cell concentrations used with an R2 of 0.99.</abstract>
   <subject>
      <topic>Mathematical models</topic>
   </subject>
   <subject>
      <topic>fermentation</topic>
   </subject>
   <subject>
      <topic>yeast fungi</topic>
   </subject>
   <subject>
      <topic>biotechnology</topic>
   </subject>
   <subject>
      <topic>microbial metabolism</topic>
   </subject>
   <subject>
      <topic>alcohol</topic>
   </subject>
   <subject>
      <topic>yeast</topic>
   </subject>
   <subject>
      <topic>genetics</topic>
   </subject>
   <subject>
      <topic>fungi</topic>
   </subject>
   <subject>
      <topic>industrial applications</topic>
   </subject>
   <subject>
      <topic>genetic engineering</topic>
   </subject>
   <subject>
      <topic>Pichia stipitis</topic>
   </subject>
   <subject>
      <topic>xylose</topic>
   </subject>
   <subject>
      <topic>ethanol</topic>
   </subject>
   <subject>
      <topic>cell concentration</topic>
   </subject>
   <relatedItem type="host">
      <part>
         <text type="year">2008</text>
         <text type="month">01</text>
         <text type="day">08</text>
         <extent unit="pages"><!--test 3--><!--test 3d-->Agbogbo, Frank K.; Coward-Kelly, Guillermo; Torry-Smith, Mads; Wenger, Kevin; Jeffries, Thomas W. 2007. The effect of initial cell concentration on xylose fermentation by Pichia stipitis.  Applied biochemistry and biotechnology. Vol. 136-140 (2007): pages 653-662.</extent>
      </part>
   </relatedItem>
   <identifier type="treesearch">3013</identifier>
   <identifier type="treesearch-pub">29230</identifier>
   <location>
      <url displayLabel="Direct access to publisher’s site">https://www.fs.usda.gov/treesearch/pubs/29230</url>
   </location>
   <location>
      <url displayLabel="Full Text in PDF">https://www.fpl.fs.fed.us/documnts/pdf2007/fpl_2007_agbogbo001.pdf</url>
   </location>
   <extension>
      <vendorName/>
      <archiveFile/>
      <originalFile>file:/C:/Users/carlos.martinez/Desktop/json-to-mods_2xslt/workingDir_11-27-2021_xsl/A-29230.json</originalFile>
      <workingDirectory/>
      <!--values of new global variables-->
      <archive_file>A-29230.json</archive_file>
      <original_file>A-29230</original_file>
      <working_directory>file:/C:/Users/carlos.martinez/Desktop/json-to-mods_2xslt/workingDir_11-27-2021_xsl/</working_directory>
   </extension>
</mods>
