<?xml version="1.0" encoding="UTF-8"?>
<mods xmlns:xlink="http://www.w3.org/1999/xlink"
      xmlns:xsi="http://www.w3.org/2001/XMLSchema-instance"
      version="3.7"
      xmlns="http://www.loc.gov/mods/v3"
      xsi:schemaLocation="http://www.loc.gov/mods/v3 http://www.loc.gov/standards/mods/v3/mods-3-7.xsd">
   <titleInfo>
      <title>Effects of air leakage of residential buildings in mixed and cold climates</title>
   </titleInfo>
   <name type="personal" usage="primary">
      <namePart type="given">Florian</namePart>
      <namePart type="family">Antretter</namePart>
      <displayForm>Antretter, Florian</displayForm>
      <role>
         <roleTerm type="text">author</roleTerm>
      </role>
   </name>
   <name type="personal">
      <namePart type="given">Achilles</namePart>
      <namePart type="family">Karagiozis</namePart>
      <displayForm>Karagiozis, Achilles</displayForm>
      <role>
         <roleTerm type="text">author</roleTerm>
      </role>
   </name>
   <name type="personal">
      <namePart type="given">Anton</namePart>
      <namePart type="family">TenWolde</namePart>
      <displayForm>TenWolde, Anton</displayForm>
      <role>
         <roleTerm type="text">author</roleTerm>
      </role>
   </name>
   <name type="personal">
      <namePart type="given">Andreas</namePart>
      <namePart type="family">Holm</namePart>
      <displayForm>Holm, Andreas</displayForm>
      <role>
         <roleTerm type="text">author</roleTerm>
      </role>
   </name>
   <typeOfResource>text</typeOfResource>
   <genre>article</genre>
   <originInfo>
      <dateIssued encoding="w3cdtf" keyDate="yes">2008-11-19</dateIssued>
   </originInfo>
   <note type="treesearch-status">Informally Refereed (Peer-Reviewed)</note>
   <language>
      <languageTerm type="code" authority="iso639-2b">eng</languageTerm>
      <languageTerm type="text">English</languageTerm>
   </language>
   <relatedItem type="host">
      <part>
         <text type="year">2008</text>
         <text type="month">11</text>
         <text type="day">19</text>
