<?xml version="1.0" encoding="UTF-8"?>
<mods xmlns:xlink="http://www.w3.org/1999/xlink"
      xmlns:xsi="http://www.w3.org/2001/XMLSchema-instance"
      version="3.7"
      xmlns="http://www.loc.gov/mods/v3"
      xsi:schemaLocation="http://www.loc.gov/mods/v3 http://www.loc.gov/standards/mods/v3/mods-3-7.xsd">
   <titleInfo>
      <title>Old resinous turpentine stumps as an indicator of the range of longleaf pine in Southeastern Virginia</title>
   </titleInfo>
   <name type="personal" usage="primary">
      <namePart type="given">Thomas L.</namePart>
      <namePart type="family">Eberhardt</namePart>
      <displayForm>Eberhardt, Thomas L.</displayForm>
      <affiliation>United States Department of Agriculture, Forest Service, Southern Research Station, 200 W.T. Weaver Blvd. Asheville, NC 28804-3454</affiliation>
      <role>
         <roleTerm type="text">author</roleTerm>
      </role>
   </name>
   <name type="personal">
      <namePart type="given">Philip M.</namePart>
      <namePart type="family">Sheridan</namePart>
      <displayForm>Sheridan, Philip M.</displayForm>
      <role>
         <roleTerm type="text">author</roleTerm>
      </role>
   </name>
   <name type="personal">
      <namePart type="given">Jolie M.</namePart>
      <namePart type="family">Mahfouz</namePart>
      <displayForm>Mahfouz, Jolie M.</displayForm>
      <affiliation>United States Department of Agriculture, Forest Service, Southern Research Station, 200 W.T. Weaver Blvd. Asheville, NC 28804-3454</affiliation>
      <role>
         <roleTerm type="text">author</roleTerm>
      </role>
   </name>
   <name type="personal">
      <namePart type="given">Chi-Leung</namePart>
      <namePart type="family">So</namePart>
      <displayForm>So, Chi-Leung</displayForm>
      <role>
         <roleTerm type="text">author</roleTerm>
      </role>
   </name>
   <typeOfResource>text</typeOfResource>
   <genre>article</genre>
   <originInfo>
      <dateIssued encoding="w3cdtf" keyDate="yes">2007-12-04</dateIssued>
   </originInfo>
   <note type="treesearch-status">Informally Refereed (Peer-Reviewed)</note>
   <language>
      <languageTerm type="code" authority="iso639-2b">eng</languageTerm>
      <languageTerm type="text">English</languageTerm>
   </language>
   <abstract>Wood anatomy cannot be used to differentiate between the southern yellow pine species. Wood samples collected from old resinous turpentine stumps in coastal Virginia were subjected to chemical and spectroscopic analyses in an effort to determine if they could be identified as longleaf pine. The age and resinous nature of the samples were manifested in high specific gravities, the presence of oxidized monoterpenes, and the ability to be grouped separately from wood from recently harvested trees by NIR spectroscopy. Since there are no standards for old resinous pine stumps, studies are continuing to determine changes that occur in longleaf pine stumps aged under field conditions.</abstract>
   <relatedItem type="host">
      <part>
         <text type="year">2007</text>
         <text type="month">12</text>
         <text type="day">04</text>
         <extent unit="pages"><!--test 3-->