<?xml version="1.0" encoding="UTF-8"?>
<mods xmlns:xlink="http://www.w3.org/1999/xlink"
      xmlns:xsi="http://www.w3.org/2001/XMLSchema-instance"
      version="3.7"
      xmlns="http://www.loc.gov/mods/v3"
      xsi:schemaLocation="http://www.loc.gov/mods/v3 http://www.loc.gov/standards/mods/v3/mods-3-7.xsd">
   <titleInfo>
      <title>Confidence bounds and hypothesis tests for normal distribution coefficients of variation</title>
   </titleInfo>
   <name type="personal" usage="primary">
      <namePart type="given">Steve P.</namePart>
      <namePart type="family">Verrill</namePart>
      <displayForm>Verrill, Steve P.</displayForm>
      <affiliation>United States Department of Agriculture, Forest Service, Forest Products Laboratory, One Gifford Pinchot Drive, Madison, WI 53726</affiliation>
      <role>
         <roleTerm type="text">author</roleTerm>
      </role>
   </name>
   <name type="personal">
      <namePart type="given">Richard A.</namePart>
      <namePart type="family">Johnson</namePart>
      <displayForm>Johnson, Richard A.</displayForm>
      <role>
         <roleTerm type="text">author</roleTerm>
      </role>
   </name>
   <typeOfResource>text</typeOfResource>
   <genre>article</genre>
   <originInfo>
      <dateIssued encoding="w3cdtf" keyDate="yes">2008-04-25</dateIssued>
   </originInfo>
   <note type="treesearch-status">Informally Refereed (Peer-Reviewed)</note>
   <language>
      <languageTerm type="code" authority="iso639-2b">eng</languageTerm>
      <languageTerm type="text">English</languageTerm>
   </language>
   <abstract>For normally distributed populations, we obtain confidence bounds on a ratio of two coefficients of variation, provide a test for the equality of k coefficients of variation, and provide confidence bounds on a coefficient of variation shared by k populations. To develop these confidence bounds and test, we first establish that estimators based on Newton steps from n-consistent estimators may be used in place of efficient solutions of the likelihood equations in likelihood ratio, Wald, and Rao tests. Taking a quadratic mean differentiability approach, Lehmann and Romano have outlined proofs of similar results. We take a Cramer condition approach and make the conditions and their use explicit.</abstract>
   <subject>
      <topic>Coefficient of variation</topic>
   </subject>
   <subject>
      <topic>signal to noise ratio</topic>
   </subject>
   <subject>
      <topic>risk to return ratio</topic>
   </subject>
   <subject>
      <topic>one-step Newton estimators</topic>
   </subject>
   <subject>
      <topic>Newton's method</topic>
   </subject>
   <subject>
      <topic>n-consistent estimators</topic>
   </subject>
   <subject>
      <topic>efficient likelihood estimators</topic>
   </subject>
   <subject>
      <topic>Cramer conditions</topic>
   </subject>
   <subject>
      <topic>quadratic mean differentiability</topic>
   </subject>
   <subject>
      <topic>likelihood ratio test</topic>
   </subject>
   <subject>
      <topic>Wald test</topic>
   </subject>
   <subject>
      <topic>Rao test</topic>
   </subject>
   <subject>
      <topic>asymptotics</topic>
   </subject>
   <subject>
      <topic>confidence internals</topic>
   </subject>
   <subject>
      <topic>Newton-Raphson method</topic>
   </subject>
   <relatedItem type="series">
      <part>
         <detail type="volume">
            <number>638</number>
            <caption>v.</caption>
         </detail>
         <text type="year">2008</text>
         <text type="month">04</text>
         <text type="day">25</text>
         <extent unit="pages"><!--test 3-->