<?xml version="1.0" encoding="UTF-8"?>
<mods xmlns:xlink="http://www.w3.org/1999/xlink"
      xmlns:xsi="http://www.w3.org/2001/XMLSchema-instance"
      version="3.7"
      xmlns="http://www.loc.gov/mods/v3"
      xsi:schemaLocation="http://www.loc.gov/mods/v3 http://www.loc.gov/standards/mods/v3/mods-3-7.xsd">
   <titleInfo>
      <title>Alternative silvicultural practices in Appalachian forest ecosystems: implications for species diversity, ecosystem resilience, and commercial timber production</title>
   </titleInfo>
   <name type="personal" usage="primary">
      <namePart type="given">Thomas R.</namePart>
      <namePart type="family">Fox</namePart>
      <displayForm>Fox, Thomas R.</displayForm>
      <role>
         <roleTerm type="text">author</roleTerm>
      </role>
   </name>
   <name type="personal">
      <namePart type="given">Carola A.</namePart>
      <namePart type="family">Haas</namePart>
      <displayForm>Haas, Carola A.</displayForm>
      <role>
         <roleTerm type="text">author</roleTerm>
      </role>
   </name>
   <name type="personal">
      <namePart type="given">David W.</namePart>
      <namePart type="family">Smith</namePart>
      <displayForm>Smith, David W.</displayForm>
      <affiliation>United States Department of Agriculture, Forest Service, Forest Products Laboratory, One Gifford Pinchot Drive, Madison, WI 53726</affiliation>
      <role>
         <roleTerm type="text">author</roleTerm>
      </role>
   </name>
   <name type="personal">
      <namePart type="given">David L.</namePart>
      <namePart type="family">Loftis</namePart>
      <displayForm>Loftis, David L.</displayForm>
      <affiliation>United States Department of Agriculture, Forest Service, Southern Research Station, 200 W.T. Weaver Blvd. Asheville, NC 28804-3454</affiliation>
      <role>
         <roleTerm type="text">author</roleTerm>
      </role>
   </name>
   <name type="personal">
      <namePart type="given">Shepard M.</namePart>
      <namePart type="family">Zedaker</namePart>
      <displayForm>Zedaker, Shepard M.</displayForm>
      <role>
         <roleTerm type="text">author</roleTerm>
      </role>
   </name>
   <name type="personal">
      <namePart type="given">Robert H.</namePart>
      <namePart type="family">Jones</namePart>
      <displayForm>Jones, Robert H.</displayForm>
      <role>
         <roleTerm type="text">author</roleTerm>
      </role>
   </name>
   <name type="personal">
      <namePart type="given">A.L.</namePart>
      <namePart type="family">Hammett</namePart>
      <displayForm>Hammett, A.L.</displayForm>
      <role>
         <roleTerm type="text">author</roleTerm>
      </role>
   </name>
   <typeOfResource>text</typeOfResource>
   <genre>article</genre>
   <originInfo>
      <dateIssued encoding="w3cdtf" keyDate="yes">2008-01-08</dateIssued>
   </originInfo>
   <note type="treesearch-status">Informally Refereed (Peer-Reviewed)</note>
   <language>
      <languageTerm type="code" authority="iso639-2b">eng</languageTerm>
      <languageTerm type="text">English</languageTerm>
   </language>
   <abstract>Increasing demands for timber and non-timber forest products often conflict with demands to maintain biodiversity and ecosystem processes. To examine tradeoffs between these goals, we implemented six alternative management systems using a stand-level, replicated experiment. The treatments included four silvicultural regeneration methods designed to sustain timber production, one commercial harvest without regard for future stand values, and a no harvest control. Our goal was to determine effects of management alternatives on multiple system components, including biodiversity, medicinal plants, timber production, terrestrial amphibians, soil disturbance, invasive exotic plants, soil and leaf litter invertebrates, leaf litter decomposition rates and nutrient flux. Plant species richness increased with increasing canopy disturbance, through colonization both by shade-intolerant native species and by exotic species. We detected several species of medicinal plants. Oak regeneration depended more on site quality than treatment. Terrestrial salamander populations declined precipitously on all treatments subjected to canopy disturbance. Although initial soil loss was reduced by using treatments that retained higher levels of basal area in the stand, over a complete rotation, the effects of repeated entries are likely to cause greater soil loss than a clearcut and greater impacts on salamanders.</abstract>
   <relatedItem type="series">
      <part>
         <text type="year">2008</text>
         <text type="month">01</text>
         <text type="day">08</text>
         <extent unit="pages"><!--test 3--><!--test 3d-->Fox, Thomas R.; Haas, Carola A.; Smith, David W.; Loftis, David L.; Zedaker, Shepard M.; Jones, Robert H.; Hammett, A.L. 2007. Alternative silvicultural practices in Appalachian forest ecosystems: implications for species diversity, ecosystem resilience, and commercial timber production.  e-Gen. Tech. Rep. SRS–101. U.S. Department of Agriculture, Forest Service, Southern Research Station: 276-280 [CD-ROM].<!--test 3b--><start/>
            <end/>
            <total/>
            <!--test 3d-->Fox, Thomas R.; Haas, Carola A.; Smith, David W.; Loftis, David L.; Zedaker, Shepard M.; Jones, Robert H.; Hammett, A.L. 2007. Alternative silvicultural practices in Appalachian forest ecosystems: implications for species diversity, ecosystem resilience, and commercial timber production.  e-Gen. Tech. Rep. SRS–101. U.S. Department of Agriculture, Forest Service, Southern Research Station: 276-280 [CD-ROM].</extent>
      </part>
   </relatedItem>
   <identifier type="treesearch">2898</identifier>
   <identifier type="treesearch-pub">29226</identifier>
   <location>
      <url displayLabel="Direct access to publisher’s site">https://www.fs.usda.gov/treesearch/pubs/29226</url>
   </location>
   <location>
      <url displayLabel="Full Text in PDF">https://www.srs.fs.usda.gov/pubs/gtr/gtr_srs101/gtr_srs101-34.pdf</url>
   </location>
   <extension>
      <vendorName/>
      <archiveFile/>
      <originalFile>file:/C:/Users/carlos.martinez/Desktop/json-to-mods_2xslt/workingDir_11-27-2021_xsl/A-29226.json</originalFile>
      <workingDirectory/>
      <!--values of new global variables-->
      <archive_file>A-29226.json</archive_file>
      <original_file>A-29226</original_file>
      <working_directory>file:/C:/Users/carlos.martinez/Desktop/json-to-mods_2xslt/workingDir_11-27-2021_xsl/</working_directory>
   </extension>
</mods>
