<?xml version="1.0" encoding="UTF-8"?>
<mods xmlns:xlink="http://www.w3.org/1999/xlink"
      xmlns:xsi="http://www.w3.org/2001/XMLSchema-instance"
      version="3.7"
      xmlns="http://www.loc.gov/mods/v3"
      xsi:schemaLocation="http://www.loc.gov/mods/v3 http://www.loc.gov/standards/mods/v3/mods-3-7.xsd">
   <titleInfo>
      <title>Why good ideas and good science do not always make it into the marketplace</title>
   </titleInfo>
   <name type="personal" usage="primary">
      <namePart type="given">Charles R.</namePart>
      <namePart type="family">Frihart</namePart>
      <displayForm>Frihart, Charles R.</displayForm>
      <affiliation>United States Department of Agriculture, Forest Service, Forest Products Laboratory, One Gifford Pinchot Drive, Madison, WI 53726</affiliation>
      <role>
         <roleTerm type="text">author</roleTerm>
      </role>
   </name>
   <typeOfResource>text</typeOfResource>
   <genre>article</genre>
   <originInfo>
      <dateIssued encoding="w3cdtf" keyDate="yes">2008-01-08</dateIssued>
   </originInfo>
   <note type="treesearch-status">Informally Refereed (Peer-Reviewed)</note>
   <language>
      <languageTerm type="code" authority="iso639-2b">eng</languageTerm>
      <languageTerm type="text">English</languageTerm>
   </language>
   <abstract>Good ideas and good science are not sufficient in and of themselves for successful commercialization of new technology. Understanding the barriers to commercialization so that ways around, under, over, or through them can be found is also crucial to success. Barriers can include market needs, technology push versus market pull, availability of a window of opportunity, economics, and risk aversion. A good starting point is to understand how the technology will fit in with a potential customer’s operation. Pushing technology usually is not successful because of customer concerns about new products and processes; however, semitechnical education of the end user is an effective way to build market pull. Evaluating the economics of new technology is important not only to comprehend the potential of the new technology, but also to understand the most effective use of resources in the technology development. Risk aversion on the part of the customer often overrules the potential economic benefits of a new technology in the decision making process. To address these issues, many corporations have established stage-gate and portfolio-management processes. These concepts can be used effectively even without the establishment of a formal process. Both successful and unsuccessful new products and new processes are provided to illustrate these issues and the ways to solve them.</abstract>
   <subject>
      <topic>Barriers</topic>
   </subject>
   <subject>
      <topic>economics</topic>
   </subject>
   <subject>
      <topic>risk aversion</topic>
   </subject>
   <subject>
      <topic>technology push</topic>
   </subject>
   <subject>
      <topic>market pull</topic>
   </subject>
   <subject>
      <topic>stage-gate</topic>
   </subject>
   <subject>
      <topic>risk assessment</topic>
   </subject>
   <subject>
      <topic>technological innovations</topic>
   </subject>
   <subject>
      <topic>economic aspects</topic>
   </subject>
   <subject>
      <topic>forest products industry</topic>
   </subject>
   <subject>
      <topic>technology transfer</topic>
   </subject>
   <subject>
      <topic>economic forecasting</topic>
   </subject>
   <subject>
      <topic>forecasting</topic>
   </subject>
   <subject>
      <topic>consumption</topic>
   </subject>
   <subject>
      <topic>marketing</topic>
   </subject>
   <subject>
      <topic>forest products</topic>
   </subject>
   <subject>
      <topic>market surveys</topic>
   </subject>
   <subject>
      <topic>supply and demand</topic>
   </subject>
   <relatedItem type="host">
      <part>
         <text type="year">2008</text>
         <text type="month">01</text>
         <text type="day">08</text>
         <extent unit="pages"><!--test 3--><!--test 3d-->Frihart, Charles R. 2007. Why good ideas and good science do not always make it into the marketplace.  Proceedings : International Conference on Transfer of Forest Science Knowledge and Technology.  Portland, Or. : U.S. Dept. of Agriculture, Forest Service, Pacific Northwest Research Station, 2007.  General technical report PNW ; GTR-726: pages 83-92.</extent>
      </part>
   </relatedItem>
   <identifier type="treesearch">3159</identifier>
   <identifier type="treesearch-pub">29257</identifier>
   <location>
      <url displayLabel="Direct access to publisher’s site">https://www.fs.usda.gov/treesearch/pubs/29257</url>
   </location>
   <location>
      <url displayLabel="Full Text in PDF">https://www.fpl.fs.fed.us/documnts/pdf2007/fpl_2007_frihart004.pdf</url>
   </location>
   <extension>
      <vendorName/>
      <archiveFile/>
      <originalFile>file:/C:/Users/carlos.martinez/Desktop/json-to-mods_2xslt/workingDir_11-27-2021_xsl/A-29257.json</originalFile>
      <workingDirectory/>
      <!--values of new global variables-->
      <archive_file>A-29257.json</archive_file>
      <original_file>A-29257</original_file>
      <working_directory>file:/C:/Users/carlos.martinez/Desktop/json-to-mods_2xslt/workingDir_11-27-2021_xsl/</working_directory>
   </extension>
</mods>
