<?xml version="1.0" encoding="UTF-8"?>
<mods xmlns:xlink="http://www.w3.org/1999/xlink"
      xmlns:xsi="http://www.w3.org/2001/XMLSchema-instance"
      version="3.7"
      xmlns="http://www.loc.gov/mods/v3"
      xsi:schemaLocation="http://www.loc.gov/mods/v3 http://www.loc.gov/standards/mods/v3/mods-3-7.xsd">
   <titleInfo>
      <title>Guide to the siricid woodwasps of North America</title>
   </titleInfo>
   <name type="personal" usage="primary">
      <namePart type="given">Nathan M.</namePart>
      <namePart type="family">Schiff</namePart>
      <displayForm>Schiff, Nathan M.</displayForm>
      <affiliation>United States Department of Agriculture, Forest Service, Southern Research Station, 200 W.T. Weaver Blvd. Asheville, NC 28804-3454</affiliation>
      <role>
         <roleTerm type="text">author</roleTerm>
      </role>
   </name>
   <name type="personal">
      <namePart type="given">Steven A.</namePart>
      <namePart type="family">Valley</namePart>
      <displayForm>Valley, Steven A.</displayForm>
      <role>
         <roleTerm type="text">author</roleTerm>
      </role>
   </name>
   <name type="personal">
      <namePart type="given">James R.</namePart>
      <namePart type="family">LaBonte</namePart>
      <displayForm>LaBonte, James R.</displayForm>
      <role>
         <roleTerm type="text">author</roleTerm>
      </role>
   </name>
   <name type="personal">
      <namePart type="given">David R.</namePart>
      <namePart type="family">Smith</namePart>
      <displayForm>Smith, David R.</displayForm>
      <affiliation>United States Department of Agriculture, Forest Service, Forest Products Laboratory, One Gifford Pinchot Drive, Madison, WI 53726</affiliation>
      <role>
         <roleTerm type="text">author</roleTerm>
      </role>
   </name>
   <typeOfResource>text</typeOfResource>
   <genre>article</genre>
   <originInfo>
      <dateIssued encoding="w3cdtf" keyDate="yes">2008-01-07</dateIssued>
   </originInfo>
   <note type="treesearch-status">Informally Refereed (Peer-Reviewed)</note>
   <language>
      <languageTerm type="code" authority="iso639-2b">eng</languageTerm>
      <languageTerm type="text">English</languageTerm>
   </language>
   <abstract>The Siricidae are a family of large, colorful, stingless wasps whose larvae bore into wood. They are members of the suborder Symphyta (sawflies, and horntails or woodwasps) of the insect order Hymenoptera (ants, wasps, and bees), and are characterized by having a broad waist and an ovipositor modified to insert eggs into wood.</abstract>
   <relatedItem type="host">
      <part>
         <text type="year">2008</text>
         <text type="month">01</text>
         <text type="day">07</text>
         <extent unit="pages"><!--test 3-->