<?xml version="1.0" encoding="UTF-8"?>
<mods xmlns:xlink="http://www.w3.org/1999/xlink"
      xmlns:xsi="http://www.w3.org/2001/XMLSchema-instance"
      version="3.7"
      xmlns="http://www.loc.gov/mods/v3"
      xsi:schemaLocation="http://www.loc.gov/mods/v3 http://www.loc.gov/standards/mods/v3/mods-3-7.xsd">
   <titleInfo>
      <title>A method countries can use to estimate changes in carbon stored in harvested wood products and the uncertainty of such estimates</title>
   </titleInfo>
   <name type="personal" usage="primary">
      <namePart type="given">Kenneth E.</namePart>
      <namePart type="family">Skog</namePart>
      <displayForm>Skog, Kenneth E.</displayForm>
      <affiliation>United States Department of Agriculture, Forest Service, Forest Products Laboratory, One Gifford Pinchot Drive, Madison, WI 53726</affiliation>
      <role>
         <roleTerm type="text">author</roleTerm>
      </role>
   </name>
   <name type="personal">
      <namePart type="given">Kim</namePart>
      <namePart type="family">Pingoud</namePart>
      <displayForm>Pingoud, Kim</displayForm>
      <role>
         <roleTerm type="text">author</roleTerm>
      </role>
   </name>
   <name type="personal">
      <namePart type="given">James E.</namePart>
      <namePart type="family">Smith</namePart>
      <displayForm>Smith, James E.</displayForm>
      <affiliation>United States Department of Agriculture, Forest Service, Northern Research Station, One Gifford Pinchot Drive, Madison, WI 53726</affiliation>
      <role>
         <roleTerm type="text">author</roleTerm>
      </role>
   </name>
   <typeOfResource>text</typeOfResource>
   <genre>article</genre>
   <originInfo>
      <dateIssued encoding="w3cdtf" keyDate="yes">2019-09-24</dateIssued>
   </originInfo>
   <note type="treesearch-status">Informally Refereed (Peer-Reviewed)</note>
   <language>
      <languageTerm type="code" authority="iso639-2b">eng</languageTerm>
      <languageTerm type="text">English</languageTerm>
   </language>
   <abstract>A method is suggested for estimating additions to carbon stored in harvested wood products (HWP) and for evaluating uncertainty. The method uses data on HWP production and trade from several decades and tracks annual additions to pools of HWP in use, removals from use, additions to solid waste disposal sites (SWDS), and decay from SWDS. The method is consistent with IPCC guidance for estimating emissions from SWDS. Uncertainty is postulated in the form of probability density functions for 14 variables, using Monte Carlo simulation.</abstract>
   <subject>
      <topic>carbon sequestration</topic>
   </subject>
   <subject>
      <topic>harvested wood products</topic>
   </subject>
   <subject>
      <topic>estimation methods</topic>
   </subject>
   <relatedItem type="host">
      <part>
         <detail type="volume">
            <number>33</number>
            <caption>v.</caption>
         </detail>
         <text type="year">2019</text>
         <text type="month">09</text>
         <text type="day">24</text>
         <extent unit="pages"><!--test 1-->
            <start>s65</start>
            <end>s73</end>
            <total>9</total>
         </extent>
      </part>
   </relatedItem>
   <identifier type="treesearch">341</identifier>
   <identifier type="treesearch-pub">13977</identifier>
   <location>
      <url displayLabel="Direct access to publisher’s site">https://www.fs.usda.gov/treesearch/pubs/13977</url>
   </location>
   <location>
      <url displayLabel="Full Text in PDF">https://www.nrs.fs.fed.us/pubs/jrnl/2004/ne_2004_skog_001.pdf</url>
   </location>
   <extension>
      <vendorName/>
      <archiveFile/>
      <originalFile>file:/C:/Users/carlos.martinez/Desktop/json-to-mods_2xslt/workingDir_11-27-2021_xsl/A-13977.json</originalFile>
      <workingDirectory/>
      <!--values of new global variables-->
      <archive_file>A-13977.json</archive_file>
      <original_file>A-13977</original_file>
      <working_directory>file:/C:/Users/carlos.martinez/Desktop/json-to-mods_2xslt/workingDir_11-27-2021_xsl/</working_directory>
   </extension>
</mods>
