<?xml version="1.0" encoding="UTF-8"?>
<mods xmlns:xlink="http://www.w3.org/1999/xlink"
      xmlns:xsi="http://www.w3.org/2001/XMLSchema-instance"
      version="3.7"
      xmlns="http://www.loc.gov/mods/v3"
      xsi:schemaLocation="http://www.loc.gov/mods/v3 http://www.loc.gov/standards/mods/v3/mods-3-7.xsd">
   <titleInfo>
      <title>Measurements needed for on-line control of retention and drainage</title>
   </titleInfo>
   <name type="personal" usage="primary">
      <namePart type="given">Allan M.</namePart>
      <namePart type="family">Springer</namePart>
      <displayForm>Springer, Allan M.</displayForm>
      <role>
         <roleTerm type="text">author</roleTerm>
      </role>
   </name>
   <name type="personal">
      <namePart type="given">Jeffrey S.</namePart>
      <namePart type="family">Noe</namePart>
      <displayForm>Noe, Jeffrey S.</displayForm>
      <role>
         <roleTerm type="text">author</roleTerm>
      </role>
   </name>
   <name type="personal">
      <namePart type="given">T. H.</namePart>
      <namePart type="family">Wegner</namePart>
      <displayForm>Wegner, T. H.</displayForm>
      <role>
         <roleTerm type="text">author</roleTerm>
      </role>
   </name>
   <typeOfResource>text</typeOfResource>
   <genre>article</genre>
   <originInfo>
      <dateIssued encoding="w3cdtf" keyDate="yes">2008-07-18</dateIssued>
   </originInfo>
   <note type="treesearch-status">Informally Refereed (Peer-Reviewed)</note>
   <language>
      <languageTerm type="code" authority="iso639-2b">eng</languageTerm>
      <languageTerm type="text">English</languageTerm>
   </language>
   <abstract>In a retention and drainage control strategy, it is necessary to monitor the concentration of dissolved inorganic material and the concentration of dissolved and colloidal organic material. Conductivity is successful as a sensor to monitor inorganic material. We studied TOC as a means to monitor dissolved and colloidal organic material and found it to work well. Both conductivity and TOC have limitations, and pH, consistency, and temperature need to be controlled.</abstract>
   <subject>
      <topic>Retention</topic>
   </subject>
   <subject>
      <topic>drainage</topic>
   </subject>
   <subject>
      <topic>electrical conductance</topic>
   </subject>
   <subject>
      <topic>conductivity</topic>
   </subject>
   <subject>
      <topic>process control</topic>
   </subject>
   <subject>
      <topic>paper machines</topic>
   </subject>
   <subject>
      <topic>total organic carbon</topic>
   </subject>
   <relatedItem type="host">
      <part>
         <text type="year">2008</text>
         <text type="month">07</text>
         <text type="day">18</text>
         <extent unit="pages"><!--test 3--><!--test 3d-->Springer, Allan M.; Noe, Jeffrey S.; Wegner, T. H. 1987. Measurements needed for on-line control of retention and drainage.  Tappi journal. Vol. 70, no. 4 (Apr. 1987): pages 125-128.</extent>
      </part>
   </relatedItem>
   <identifier type="treesearch">1453</identifier>
   <identifier type="treesearch-pub">30551</identifier>
   <location>
      <url displayLabel="Direct access to publisher’s site">https://www.fs.usda.gov/treesearch/pubs/30551</url>
   </location>
   <location>
      <url displayLabel="Full Text in PDF">https://www.fpl.fs.fed.us/documnts/pdf1987/sprin87a.pdf</url>
   </location>
   <extension>
      <vendorName/>
      <archiveFile/>
      <originalFile>file:/C:/Users/carlos.martinez/Desktop/json-to-mods_2xslt/workingDir_11-27-2021_xsl/A-30551.json</originalFile>
      <workingDirectory/>
      <!--values of new global variables-->
      <archive_file>A-30551.json</archive_file>
      <original_file>A-30551</original_file>
      <working_directory>file:/C:/Users/carlos.martinez/Desktop/json-to-mods_2xslt/workingDir_11-27-2021_xsl/</working_directory>
   </extension>
</mods>
