<?xml version="1.0" encoding="UTF-8"?>
<mods xmlns:xlink="http://www.w3.org/1999/xlink"
      xmlns:xsi="http://www.w3.org/2001/XMLSchema-instance"
      version="3.7"
      xmlns="http://www.loc.gov/mods/v3"
      xsi:schemaLocation="http://www.loc.gov/mods/v3 http://www.loc.gov/standards/mods/v3/mods-3-7.xsd">
   <titleInfo>
      <title>Structural lumber from suppressed-growth ponderosa pine from northern Arizona</title>
   </titleInfo>
   <name type="personal" usage="primary">
      <namePart type="given">Thomas M.</namePart>
      <namePart type="family">Gorman</namePart>
      <displayForm>Gorman, Thomas M.</displayForm>
      <role>
         <roleTerm type="text">author</roleTerm>
      </role>
   </name>
   <name type="personal">
      <namePart type="given">David W.</namePart>
      <namePart type="family">Green</namePart>
      <displayForm>Green, David W.</displayForm>
      <role>
         <roleTerm type="text">author</roleTerm>
      </role>
   </name>
   <name type="personal">
      <namePart type="given">Aldo G.</namePart>
      <namePart type="family">Cisternas</namePart>
      <displayForm>Cisternas, Aldo G.</displayForm>
      <role>
         <roleTerm type="text">author</roleTerm>
      </role>
   </name>
   <name type="personal">
      <namePart type="given">Roland</namePart>
      <namePart type="family">Hernandez</namePart>
      <displayForm>Hernandez, Roland</displayForm>
      <role>
         <roleTerm type="text">author</roleTerm>
      </role>
   </name>
   <name type="personal">
      <namePart type="given">Eini C.</namePart>
      <namePart type="family">Lowell</namePart>
      <displayForm>Lowell, Eini C.</displayForm>
      <affiliation>United States Department of Agriculture, Forest Service, Pacific Northwest Research Station, 220 SW 3rd Avenue, Suite 1400, Portland, OR 97204, US</affiliation>
      <role>
         <roleTerm type="text">author</roleTerm>
      </role>
   </name>
   <typeOfResource>text</typeOfResource>
   <genre>article</genre>
   <originInfo>
      <dateIssued encoding="w3cdtf" keyDate="yes">2008-11-18</dateIssued>
   </originInfo>
   <note type="treesearch-status">Informally Refereed (Peer-Reviewed)</note>
   <language>
      <languageTerm type="code" authority="iso639-2b">eng</languageTerm>
      <languageTerm type="text">English</languageTerm>
   </language>
   <relatedItem type="host">
      <part>
         <text type="year">2008</text>
         <text type="month">11</text>
         <text type="day">18</text>
