
{
    "product_id": "2231",
    "ac22_approved_for_public": "1",
    "primary_station": "FPL",
    "historical_station": "OTHER",
    "entrystatus": "Published to Web",
    "product_type_id": "1",
    "product_type_desc": "Publication",
    "product_subtype_id": null,
    "product_subtype_desc": null,
    "referee_status_id": "2",
    "status_name": "Informally Refereed (Peer-Reviewed)",
    "pub_type_id": "53",
    "pub_type_desc": "Miscellaneous Publication",
    "title": "New insights into the ligninolytic capability of a wood decay ascomycete",
    "product_year": " 2007",
    "abstract": "Wood-grown cultures of Daldinia concentrica oxidized a permethylated [beta]-14C- labeled synthetic lignin to 14CO2 and also cleaved a permethylated [alpha]-13C-labeled synthetic lignin to give C[alpha]-C[beta] cleavage products that were detected by 13C nuclear magnetic resonance spectrometry. Therefore, this ascomycete resembles white-rot basidiomycetes in attacking the recalcitrant nonphenolic structures that predominate in lignin.",
    "citation": "Shary, Semarjit; Ralph, Sally A.; Hammel, Kenneth E. 2007. New insights into the ligninolytic capability of a wood decay ascomycete.  Applied and Environmental Microbiology. 73(20): 6691-6694.",
    "keywords": "Biodegradation, deterioration, microbial metabolism, fungi, biotechnology, carbon dioxide, wood-decaying fungi, lignin, Ascomycetes, industrial applications, oxidases, nuclear magnetic resonance spectroscopy, DHP, soft rot, cleavage, decay, decay fungi, Daldinia concentrica",
    "doi": null,
    "url_binary_file": "https://www.fpl.fs.fed.us/documnts/pdf2007/fpl_2007_shary001.pdf",
    "binary_filesize": "178 KB",
    "url_landing_page": "https://www.fs.usda.gov/treesearch/pubs/29165",
    "treesearch_pub_id": "29165",
    "pub_parent_id": null,
    "pub_child_number": null,
    "pub_parent_ind": "0",
    "pub_publication": "Applied and environmental microbiology. Vol. 73, no. 20 (Oct. 2007): Pages 6691-6694.",
    "proceedings_ind": "0",
    "pub_volume": null,
    "pub_issue": null,
    "pub_page": null,
    "pub_page_start": null,
    "pub_page_end": null,
    "pub_source": "T",
    "geographic_terms": null,
    "issn_id": null,
    "is_early_release": "0",
    "created_on": "18-DEC-2007 13:35:04",
    "modified_on": "31-DEC-2008 00:00:00",
    "send_to_reviewer_ind": "A",
    "publish_to_web_ind": "Y",
    "send_to_reviewer": null,
    "child_publications": "",
    "national_research_taxonomy_elements": "",
    "pub_authors": [
        {
            "name": "Shary, Semarjit",
            "station_id": "",
            "unit_id": "",
            "team_id": "",
            "alias": "",
            "user_id": "",
            "is_employee_active": "0",
            "is_researcher": "0",
            "author_order": "1"
        },
        {
            "name": "Ralph, Sally A.",
            "station_id": "FPL",
            "unit_id": "4706",
            "team_id": "",
            "alias": "sralph",
            "user_id": "10",
            "is_employee_active": "1",
            "is_researcher": "0",
            "author_order": "2"
        },
        {
            "name": "Hammel, Kenneth E.",
            "station_id": "FPL",
            "unit_id": "4712",
            "team_id": "",
            "alias": "khammel",
            "user_id": "26",
            "is_employee_active": "0",
            "is_researcher": "1",
            "author_order": "3"
        }
    ],
    "current_organizational_memberships": [
        {
            "name": "Shary, Semarjit",
            "station_id": "",
            "unit_id": "",
            "team_id": "",
            "alias": "",
            "user_id": "",
            "is_employee_active": "0",
            "is_researcher": "0",
            "author_order": "1"
        },
        {
            "name": "Ralph, Sally A.",
            "station_id": "FPL",
            "unit_id": "4709",
            "team_id": "",
            "alias": "sralph",
            "user_id": "10",
            "is_employee_active": "1",
            "is_researcher": "0",
            "author_order": "2"
        },
        {
            "name": "Hammel, Kenneth E.",
            "station_id": "FPL",
            "unit_id": "4712",
            "team_id": "",
            "alias": "khammel",
            "user_id": "26",
            "is_employee_active": "0",
            "is_researcher": "1",
            "author_order": "3"
        }
    ],
    "strategic_program_areas": "",
    "cris_projects": "",
    "experimental_forests": "",
    "eco_regions": "",
    "latlongs": "",
    "usnatforests": "",
    "countystates": ""
}