
{
    "product_id": "117",
    "ac22_approved_for_public": "1",
    "primary_station": "FPL",
    "historical_station": "OTHER",
    "entrystatus": "Published to Web",
    "product_type_id": "1",
    "product_type_desc": "Publication",
    "product_subtype_id": null,
    "product_subtype_desc": null,
    "referee_status_id": "2",
    "status_name": "Informally Refereed (Peer-Reviewed)",
    "pub_type_id": "53",
    "pub_type_desc": "Miscellaneous Publication",
    "title": "Fire-retardant-treated strandboard : properties and fire performance",
    "product_year": " 2008",
    "abstract": "This study evaluated a series of single-layer, randomly oriented strandboard panels made with one resin type, a single resin loading level, and four fire-retardant-treatment levels. The fire retardant (FR) evaluated was a pH-buffered combination of boric acid and organic phosphate. Siberian larch strands were separated into five batches. One batch of strands served as the untreated control group and was not treated with water or FR; the four other batches were individually treated using a vacuum–pressure–soak process of the strands in water or three progressively higher concentrations of FR solutions. Targeted water-or FR-loading levels were no FR (0% FR-weight gain, water-treated control), 32 kg/m3 FR (&8764;5% weight gain), 64 kg/m3 FR (&8764;10% weight gain), and 96 kg/m3 FR (&8764;15% weight gain). All water-or FR-treated strands were redried to less than 8% moisture content prior to diphenylmethane diisocyanate (MDI) resin application in rotary blenders using an aerosol sprayer. Three replicate specimens for each treatment level of 12.5-mm-thick, randomly oriented strandboard at a density of 650 kg/m3 were evaluated. FR-treated strandboard had higher dry-and wet-internal bond strength and lower flexural strength than matched untreated strandboard. A Class B flame-spread rating was achieved near 10% FR-loading. These results suggest that better ratings seem possible at higher loadings.",
    "citation": "Winandy, Jerrold; Wang, Qingwen; White, Robert H. 2008. Fire-retardant-treated strandboard : properties and fire performance. Wood and Fiber Science 40(1): 62-71.",
    "keywords": "Flame spread, flexure, Siberian larch, particle board, mechanical properties, fire testing, fireproofing agents, composite materials, fire testing, phosphates, boric acid, bond strength, diphenylmethane diisocyanate, fire hazard, FRT oriented strandboard, behavior in fire, oriented strandboard, physical properties, OSB, fire retardants, strandboard, composites, treatment",
    "doi": null,
    "url_binary_file": "https://www.fpl.fs.fed.us/documnts/pdf2008/fpl_2008_winandy001.pdf",
    "binary_filesize": "236 KB",
    "url_landing_page": "https://www.fs.usda.gov/treesearch/pubs/29554",
    "treesearch_pub_id": "29554",
    "pub_parent_id": null,
    "pub_child_number": null,
    "pub_parent_ind": "0",
    "pub_publication": "Wood and fiber science. Vol. 40, no. 1 (2008): Pages 62-71.",
    "proceedings_ind": "0",
    "pub_volume": null,
    "pub_issue": null,
    "pub_page": null,
    "pub_page_start": null,
    "pub_page_end": null,
    "pub_source": "T",
    "geographic_terms": null,
    "issn_id": null,
    "is_early_release": "0",
    "created_on": "25-MAR-2008 16:55:39",
    "modified_on": "19-NOV-2008 00:00:00",
    "send_to_reviewer_ind": "A",
    "publish_to_web_ind": "Y",
    "send_to_reviewer": null,
    "child_publications": "",
    "national_research_taxonomy_elements": "",
    "pub_authors": [
        {
            "name": "Winandy, Jerrold",
            "station_id": "FPL",
            "unit_id": "4706",
            "team_id": "",
            "alias": "jwinandy",
            "user_id": "91",
            "is_employee_active": "0",
            "is_researcher": "1",
            "author_order": "1"
        },
        {
            "name": "Wang, Qingwen",
            "station_id": "",
            "unit_id": "",
            "team_id": "",
            "alias": "",
            "user_id": "",
            "is_employee_active": "0",
            "is_researcher": "0",
            "author_order": "2"
        },
        {
            "name": "White, Robert H.",
            "station_id": "FPL",
            "unit_id": "4725",
            "team_id": "",
            "alias": "rhwhite",
            "user_id": "24",
            "is_employee_active": "0",
            "is_researcher": "1",
            "author_order": "3"
        }
    ],
    "current_organizational_memberships": [
        {
            "name": "Winandy, Jerrold",
            "station_id": "FPL",
            "unit_id": "4706",
            "team_id": "",
            "alias": "jwinandy",
            "user_id": "91",
            "is_employee_active": "0",
            "is_researcher": "1",
            "author_order": "1"
        },
        {
            "name": "Wang, Qingwen",
            "station_id": "",
            "unit_id": "",
            "team_id": "",
            "alias": "",
            "user_id": "",
            "is_employee_active": "0",
            "is_researcher": "0",
            "author_order": "2"
        },
        {
            "name": "White, Robert H.",
            "station_id": "FPL",
            "unit_id": "4723",
            "team_id": "",
            "alias": "rhwhite",
            "user_id": "24",
            "is_employee_active": "0",
            "is_researcher": "1",
            "author_order": "3"
        }
    ],
    "strategic_program_areas": "",
    "cris_projects": "",
    "experimental_forests": "",
    "eco_regions": "",
    "latlongs": "",
    "usnatforests": "",
    "countystates": ""
}