
{
    "product_id": "2855",
    "ac22_approved_for_public": "1",
    "primary_station": "SRS",
    "historical_station": "OTHER",
    "entrystatus": "Published to Web",
    "product_type_id": "1",
    "product_type_desc": "Publication",
    "product_subtype_id": null,
    "product_subtype_desc": null,
    "referee_status_id": "2",
    "status_name": "Informally Refereed (Peer-Reviewed)",
    "pub_type_id": "1",
    "pub_type_desc": "Scientific Journal (JRNL)",
    "title": "Guide to the siricid woodwasps of North America",
    "product_year": " 2006",
    "abstract": "The Siricidae are a family of large, colorful, stingless wasps whose larvae bore into wood. They are members of the suborder Symphyta (sawflies, and horntails or woodwasps) of the insect order Hymenoptera (ants, wasps, and bees), and are characterized by having a broad waist and an ovipositor modified to insert eggs into wood.",
    "citation": "Schiff, Nathan M.; Valley, Steven A.; LaBonte, James R.; Smith, David R. 2006. Guide to the siricid woodwasps of North America.  Forest Service, Forest Health Technology Enterprise Team. 102 p",
    "keywords": "",
    "doi": null,
    "url_binary_file": "https://www.srs.fs.usda.gov/pubs/ja/ja_schiff004.pdf",
    "binary_filesize": "5.8 MB",
    "url_landing_page": "https://www.fs.usda.gov/treesearch/pubs/29220",
    "treesearch_pub_id": "29220",
    "pub_parent_id": null,
    "pub_child_number": null,
    "pub_parent_ind": "0",
    "pub_publication": "Forest Service, Forest Health Technology Enterprise Team. 102 p",
    "proceedings_ind": "0",
    "pub_volume": null,
    "pub_issue": null,
    "pub_page": null,
    "pub_page_start": null,
    "pub_page_end": null,
    "pub_source": "T",
    "geographic_terms": null,
    "issn_id": null,
    "is_early_release": "0",
    "created_on": "07-JAN-2008 16:00:52",
    "modified_on": "07-JAN-2008 16:01:35",
    "send_to_reviewer_ind": "A",
    "publish_to_web_ind": "Y",
    "send_to_reviewer": null,
    "child_publications": "",
    "national_research_taxonomy_elements": "",
    "pub_authors": [
        {
            "name": "Schiff, Nathan M.",
            "station_id": "SRS",
            "unit_id": "4155",
            "team_id": "",
            "alias": "nschiff",
            "user_id": "2732",
            "is_employee_active": "1",
            "is_researcher": "1",
            "author_order": "1"
        },
        {
            "name": "Valley, Steven A.",
            "station_id": "",
            "unit_id": "",
            "team_id": "",
            "alias": "",
            "user_id": "",
            "is_employee_active": "0",
            "is_researcher": "0",
            "author_order": "2"
        },
        {
            "name": "LaBonte, James R.",
            "station_id": "",
            "unit_id": "",
            "team_id": "",
            "alias": "",
            "user_id": "",
            "is_employee_active": "0",
            "is_researcher": "0",
            "author_order": "3"
        },
        {
            "name": "Smith, David R.",
            "station_id": "FPL",
            "unit_id": "LIB",
            "team_id": "",
            "alias": "davidcsmith",
            "user_id": "139",
            "is_employee_active": "1",
            "is_researcher": "0",
            "author_order": "4"
        }
    ],
    "current_organizational_memberships": [
        {
            "name": "Schiff, Nathan M.",
            "station_id": "SRS",
            "unit_id": "4552",
            "team_id": "",
            "alias": "nschiff",
            "user_id": "2732",
            "is_employee_active": "1",
            "is_researcher": "1",
            "author_order": "1"
        },
        {
            "name": "Valley, Steven A.",
            "station_id": "",
            "unit_id": "",
            "team_id": "",
            "alias": "",
            "user_id": "",
            "is_employee_active": "0",
            "is_researcher": "0",
            "author_order": "2"
        },
        {
            "name": "LaBonte, James R.",
            "station_id": "",
            "unit_id": "",
            "team_id": "",
            "alias": "",
            "user_id": "",
            "is_employee_active": "0",
            "is_researcher": "0",
            "author_order": "3"
        },
        {
            "name": "Smith, David R.",
            "station_id": "FPL",
            "unit_id": "LIB",
            "team_id": "",
            "alias": "davidcsmith",
            "user_id": "139",
            "is_employee_active": "1",
            "is_researcher": "0",
            "author_order": "4"
        }
    ],
    "strategic_program_areas": "",
    "cris_projects": "",
    "experimental_forests": "",
    "eco_regions": "",
    "latlongs": "",
    "usnatforests": "",
    "countystates": ""
}