
{
    "product_id": "2585",
    "ac22_approved_for_public": "1",
    "primary_station": "FPL",
    "historical_station": "OTHER",
    "entrystatus": "Published to Web",
    "product_type_id": "1",
    "product_type_desc": "Publication",
    "product_subtype_id": null,
    "product_subtype_desc": null,
    "referee_status_id": "2",
    "status_name": "Informally Refereed (Peer-Reviewed)",
    "pub_type_id": "53",
    "pub_type_desc": "Miscellaneous Publication",
    "title": "Prehydrolysis of birch wood with sulfur dioxide",
    "product_year": " 1980",
    "abstract": "Work in progress on prehydrolysis of white birch (Betula papyrifera) wood with sulfur dioxide presents an alternative means for producing a relatively concentrated pentose solution with a very small requirement for steam or other forms of energy.  The key ideas are to conduct the prehydrolysis reaction at a very low liquor-to-wood ratio (called vapor-phase cooking in the pulp industry) and to obtain a relatively concentrated solution by countercurrently extracting the xylose, xylose oligomers, and other solubilized material from the reacted chips.",
    "citation": "Springer, Edward L.; Libkie, Kimball A. 1980. Prehydrolysis of birch wood with sulfur dioxide.  Tappi. Vol. 63, no. 7 (July 1980): pages 119-120.",
    "keywords": "Xylose, xylan, hemicelluloses, furfural, biomass, ethanol, cellulose, glucose, xylitol, yeasts, sulfur dioxide, energy, extraction, hydrolysis, white birch, vapor phase cooking, oligomers, reacted chips",
    "doi": null,
    "url_binary_file": "https://www.fpl.fs.fed.us/documnts/pdf1980/sprin80a.pdf",
    "binary_filesize": "47 KB",
    "url_landing_page": "https://www.fs.usda.gov/treesearch/pubs/30543",
    "treesearch_pub_id": "30543",
    "pub_parent_id": null,
    "pub_child_number": null,
    "pub_parent_ind": "0",
    "pub_publication": "Tappi. Vol. 63, no. 7 (July 1980): pages 119-120.",
    "proceedings_ind": "0",
    "pub_volume": null,
    "pub_issue": null,
    "pub_page": null,
    "pub_page_start": null,
    "pub_page_end": null,
    "pub_source": "T",
    "geographic_terms": null,
    "issn_id": null,
    "is_early_release": "0",
    "created_on": "17-JUL-2008 16:40:11",
    "modified_on": "17-JUL-2008 16:44:59",
    "send_to_reviewer_ind": "A",
    "publish_to_web_ind": "Y",
    "send_to_reviewer": null,
    "child_publications": "",
    "national_research_taxonomy_elements": "",
    "pub_authors": [
        {
            "name": "Springer, Edward L.",
            "station_id": "",
            "unit_id": "",
            "team_id": "",
            "alias": "",
            "user_id": "",
            "is_employee_active": "0",
            "is_researcher": "0",
            "author_order": "1"
        },
        {
            "name": "Libkie, Kimball A.",
            "station_id": "",
            "unit_id": "",
            "team_id": "",
            "alias": "",
            "user_id": "",
            "is_employee_active": "0",
            "is_researcher": "0",
            "author_order": "2"
        }
    ],
    "current_organizational_memberships": [
        {
            "name": "Springer, Edward L.",
            "station_id": "",
            "unit_id": "",
            "team_id": "",
            "alias": "",
            "user_id": "",
            "is_employee_active": "0",
            "is_researcher": "0",
            "author_order": "1"
        },
        {
            "name": "Libkie, Kimball A.",
            "station_id": "",
            "unit_id": "",
            "team_id": "",
            "alias": "",
            "user_id": "",
            "is_employee_active": "0",
            "is_researcher": "0",
            "author_order": "2"
        }
    ],
    "strategic_program_areas": "",
    "cris_projects": "",
    "experimental_forests": "",
    "eco_regions": "",
    "latlongs": "",
    "usnatforests": "",
    "countystates": ""
}