
{
    "product_id": "3336",
    "ac22_approved_for_public": "1",
    "primary_station": "NRS",
    "historical_station": "NE",
    "entrystatus": "Published to Web",
    "product_type_id": "1",
    "product_type_desc": "Publication",
    "product_subtype_id": null,
    "product_subtype_desc": null,
    "referee_status_id": "2",
    "status_name": "Informally Refereed (Peer-Reviewed)",
    "pub_type_id": "3",
    "pub_type_desc": "General Technical Report (GTR)",
    "title": "Dynamics of Connecticut hemlock stands",
    "product_year": " 2000",
    "abstract": "The stand dynamics and production of two one-acre plots of eastern hemlock (Tsuga canadensis L) in Connecticut have been followed for more than six decades. Data were recorded for all individual trees. One plot (Saltonstall) was established in 1924 after the removal of a hardwood overstory. This stand had a nearly pure, almost fully closed understory of hemlock that was subjected to partial cuttings in 1936, 1954, and 1956. The stand was lost to the hemlock woolly adelgid (Adelges tsugae) in 1993. The other plot (Perry) was established in 1931 in a nearly pure hemlock stand that had arisen on an abandoned pasture around 1850. This plot had a crop-tree release cutting in 1931 and has not been infested with hemlock woolly adelgid.",
    "citation": "Ward, Jeffrey S.; Smith, David M. 2000. Dynamics of Connecticut hemlock stands.  In: McManus, Katherine A.; Shields, Kathleen S.; Souto, Dennis R., eds. Proceedings: Symposium on sustainable management of hemlock ecosystems in eastern North America. Gen. Tech. Rep. NE-267. Newtown Square, PA: U.S. Department of Agriculture, Forest Service, Northeastern Forest Experiment Station. 50-54.",
    "keywords": "",
    "doi": null,
    "url_binary_file": "https://www.nrs.fs.fed.us/pubs/gtr/gtr_ne267/gtr_ne267_050.pdf",
    "binary_filesize": "       378 KB",
    "url_landing_page": "https://www.fs.usda.gov/treesearch/pubs/14638",
    "treesearch_pub_id": "14638",
    "pub_parent_id": "3488",
    "pub_child_number": "9",
    "pub_parent_ind": "0",
    "pub_publication": "In: McManus, Katherine A.; Shields, Kathleen S.; Souto, Dennis R., eds. Proceedings: Symposium on sustainable management of hemlock ecosystems in eastern North America. Gen. Tech. Rep. NE-267. Newtown Square, PA: U.S. Department of Agriculture, Forest Service, Northeastern Forest Experiment Station. 50-54.",
    "proceedings_ind": "0",
    "pub_volume": "267",
    "pub_issue": null,
    "pub_page": "50-54",
    "pub_page_start": null,
    "pub_page_end": null,
    "pub_source": "T",
    "geographic_terms": null,
    "issn_id": null,
    "is_early_release": "0",
    "created_on": "25-JUN-2008 00:00:00",
    "modified_on": "25-JUN-2008 00:00:00",
    "send_to_reviewer_ind": "A",
    "publish_to_web_ind": "Y",
    "send_to_reviewer": null,
    "child_publications": "",
    "national_research_taxonomy_elements": "",
    "pub_authors": [
        {
            "name": "Ward, Jeffrey S.",
            "station_id": "",
            "unit_id": "",
            "team_id": "",
            "alias": "",
            "user_id": "",
            "is_employee_active": "0",
            "is_researcher": "0",
            "author_order": "1"
        },
        {
            "name": "Smith, David M.",
            "station_id": "FPL",
            "unit_id": "LIB",
            "team_id": "",
            "alias": "",
            "user_id": "",
            "is_employee_active": "0",
            "is_researcher": "0",
            "author_order": "2"
        }
    ],
    "current_organizational_memberships": [
        {
            "name": "Ward, Jeffrey S.",
            "station_id": "",
            "unit_id": "",
            "team_id": "",
            "alias": "",
            "user_id": "",
            "is_employee_active": "0",
            "is_researcher": "0",
            "author_order": "1"
        },
        {
            "name": "Smith, David M.",
            "station_id": "FPL",
            "unit_id": "LIB",
            "team_id": "",
            "alias": "",
            "user_id": "",
            "is_employee_active": "0",
            "is_researcher": "0",
            "author_order": "2"
        }
    ],
    "strategic_program_areas": "",
    "cris_projects": "",
    "experimental_forests": "",
    "eco_regions": "",
    "latlongs": "",
    "usnatforests": "",
    "countystates": ""
}