<?xml version="1.0" encoding="UTF-8"?>
<mods xmlns:xlink="http://www.w3.org/1999/xlink"
      xmlns:xsi="http://www.w3.org/2001/XMLSchema-instance"
      version="3.7"
      xmlns="http://www.loc.gov/mods/v3"
      xsi:schemaLocation="http://www.loc.gov/mods/v3 http://www.loc.gov/standards/mods/v3/mods-3-7.xsd">
   <titleInfo>
      <title>Polymer-treated woody biomass: a filtration medium for removing phosphate from water</title>
   </titleInfo>
   <name type="personal" usage="primary">
      <namePart type="given">Thomas L</namePart>
      <namePart type="family">Eberhardt</namePart>
      <displayForm>Eberhardt, Thomas L</displayForm>
      <affiliation>United States Department of Agriculture, Forest Service, Southern Research Station, Utilization of Southern Forest Resources , 200 W.T. Weaver Blvd. Asheville, NC 28804-3454</affiliation>
      <role>
         <roleTerm type="text">author</roleTerm>
      </role>
   </name>
   <typeOfResource>text</typeOfResource>
   <genre>article</genre>
   <originInfo>
      <dateIssued encoding="w3cdtf" keyDate="yes">2007-12-04</dateIssued>
   </originInfo>
   <note type="treesearch-status">Informally Refereed (Peer-Reviewed)</note>
   <language>
      <languageTerm type="code" authority="iso639-2b">eng</languageTerm>
      <languageTerm type="text">English</languageTerm>
   </language>
   <abstract>A two-stage treatment of refined aspen wood fiber with solutions of carboxymethyl cellulose (CMC) and ferrous chloride afforded a filtration medium that was effective in removing phosphate from test solutions. To assess the stability of the filtration medium, samples exposed to the test solutions were analyzed by FTIR spectroscopy. The resultant spectra indicated that a significant amount of the carboxylate functionality, imparted by the CMC, remained with the fiber. Determinations of iron and phosphorous levels in these samples by elemental analysis confirmed that the CMC provided additional sites to complex iron ions, and that phosphate removed from the test solutions was retained within the filtration medium. To better understand the distribution of the CMC in the fiber matrix, treatments were also carried out with CMC containing a polymeric fluorescent dye. Observations by confocal laser scanning microscopy showed partial filling of the fiber lumens. To address concerns related to the hydraulic conductivity of the fibers, aspen wood particles of different sizes were also treated. Results showed that the phosphorous uptake capacity decreased with decreasing particle size. Measurement of iron released into the test solutions suggested that the smaller wood particles may be preferred since they showed the lowest release of iron relative to the amount of phosphate removed.</abstract>
   <relatedItem type="host">
      <titleInfo>
         <title>Environmental Science and Technology 6 p</title>
      </titleInfo>
      <part>
         <text type="year">2007</text>
         <text type="month">12</text>
         <text type="day">04</text>
         <extent unit="pages">
            <total>6</total>
         </extent>
      </part>
   </relatedItem>
   <identifier type="treesearch">1360</identifier>
   <identifier type="treesearch-pub">29090</identifier>
   <location>
      <url access="object in context">https://www.fs.usda.gov/treesearch/pubs/29090</url>
   </location>
   <location>
      <url access="raw object">https://www.srs.fs.usda.gov/pubs/ja/ja_eberhardt008.pdf</url>
   </location>
   <extension>
      <vendorName/>
      <archiveFile/>
      <originalFile>file:/C:/Users/carlos.martinez/Desktop/json-to-mods_2xslt/json-to-mods_11-16-2021_792c08c/A-29090.json</originalFile>
      <workingDirectory/>
      <!--values of new global variables-->
      <xslt_document>file:/C:/Users/carlos.martinez/Desktop/json-to-mods_2xslt/json-to-mods_12-03-2021_from_11-16-2021.xsl</xslt_document>
      <archive_file>A-29090.json</archive_file>
      <original_file>A-29090</original_file>
      <working_directory>file:/C:/Users/carlos.martinez/Desktop/json-to-mods_2xslt/json-to-mods_11-16-2021_792c08c/</working_directory>
   </extension>
</mods>
