<?xml version="1.0" encoding="UTF-8"?>
<mods xmlns:xlink="http://www.w3.org/1999/xlink"
      xmlns:xsi="http://www.w3.org/2001/XMLSchema-instance"
      version="3.7"
      xmlns="http://www.loc.gov/mods/v3"
      xsi:schemaLocation="http://www.loc.gov/mods/v3 http://www.loc.gov/standards/mods/v3/mods-3-7.xsd">
   <titleInfo>
      <title>Violet light causes photodegradation of wood beyond the zone affected by ultraviolet radiation</title>
   </titleInfo>
   <name type="personal" usage="primary">
      <namePart type="given">Yutaka</namePart>
      <namePart type="family">Kataoka</namePart>
      <displayForm>Kataoka, Yutaka</displayForm>
      <role>
         <roleTerm type="text">author</roleTerm>
      </role>
   </name>
   <name type="personal">
      <namePart type="given">Makoto</namePart>
      <namePart type="family">Kiguchi</namePart>
      <displayForm>Kiguchi, Makoto</displayForm>
      <role>
         <roleTerm type="text">author</roleTerm>
      </role>
   </name>
   <name type="personal">
      <namePart type="given">R. Sam</namePart>
      <namePart type="family">Williams</namePart>
      <displayForm>Williams, R. Sam</displayForm>
      <role>
         <roleTerm type="text">author</roleTerm>
      </role>
   </name>
   <name type="personal">
      <namePart type="given">Philip D.</namePart>
      <namePart type="family">Evans</namePart>
      <displayForm>Evans, Philip D.</displayForm>
      <role>
         <roleTerm type="text">author</roleTerm>
      </role>
   </name>
   <typeOfResource>text</typeOfResource>
   <genre>article</genre>
   <originInfo>
      <dateIssued encoding="w3cdtf" keyDate="yes">2008-01-08</dateIssued>
   </originInfo>
   <note type="treesearch-status">Informally Refereed (Peer-Reviewed)</note>
   <language>
      <languageTerm type="code" authority="iso639-2b">eng</languageTerm>
      <languageTerm type="text">English</languageTerm>
   </language>
   <abstract>The limited penetration of wood by light explains why the weathering of wood exposed outdoors is a surface phenomenon. Wood is rapidly degraded by short-wave-length UV radiation, but the penetration of light into wood is positively correlated with its wavelength. Hence, subsurface degradation is likely to be caused by longer-wavelength light that still has sufficient energy to degrade wood. In this paper we test this hypothesis and determine the wavelengths of visible light that extend photo-degradation into wood beyond the zone affected by UV radiation. Sugi (Cryptomeria japonica) earlywood was exposed to UV and visible light with narrow band gaps (20 nm) and the penetration of light into the wood was measured using a photodetector. Photodegradation was depth-profiled using FT-IR microscopy. There was a positive correlation between the penetration of light into sugi earlywood and the wavelength of the incident radiation within the range 246–496 nm. The depth of photodegradation also increased with wavelength up to and including the violet region (403 nm) of the visible spectrum. Blue light (434–496 nm) penetrated wood to a greater extent than violet light and was capable of bleaching the wood, but it did not significantly modify lignin, and hence it was not responsible for sub-surface photodegradation of wood. We conclude that violet light is the component of the visible spectrum that extends photodegradation into wood beyond the zone affected by UV radiation. Accordingly, surface treatments designed to protect wood used outdoors should shield wood from the effects of violet light.</abstract>
   <subject>
      <topic>Depth profile</topic>
   </subject>
   <subject>
      <topic>FT-IR</topic>
   </subject>
   <subject>
      <topic>photodegradation</topic>
   </subject>
   <subject>
      <topic>sugi wood</topic>
   </subject>
   <subject>
      <topic>ultraviolet radiation</topic>
   </subject>
   <subject>
      <topic>violet light</topic>
   </subject>
   <subject>
      <topic>visible light</topic>
   </subject>
   <subject>
      <topic>wavelength</topic>
   </subject>
   <subject>
      <topic>Crytomeria japonica</topic>
   </subject>
   <subject>
      <topic>weathering</topic>
   </subject>
   <subject>
      <topic>wood</topic>
   </subject>
   <subject>
      <topic>deterioration</topic>
   </subject>
   <subject>
      <topic>Fourier transform infrared microscopy</topic>
   </subject>
   <subject>
      <topic>sugi</topic>
   </subject>
   <subject>
      <topic>penetration</topic>
   </subject>
   <subject>
      <topic>earlywood</topic>
   </subject>
   <subject>
      <topic>photodegradation</topic>
   </subject>
   <subject>
      <topic>degradation</topic>
   </subject>
   <relatedItem type="host">
      <titleInfo>
         <title>Holzforschung</title>
      </titleInfo>
      <part>
         <text type="year">2008</text>
         <text type="month">01</text>
         <text type="day">08</text>
         <extent unit="pages">
            <start>23</start>
            <end>27</end>
            <total>5</total>
         </extent>
      </part>
   </relatedItem>
   <identifier type="treesearch">3037</identifier>
   <identifier type="treesearch-pub">29235</identifier>
   <location>
      <url access="object in context">https://www.fs.usda.gov/treesearch/pubs/29235</url>
   </location>
   <location>
      <url access="raw object">https://www.fpl.fs.fed.us/documnts/pdf2007/fpl_2007_kataoka001.pdf</url>
   </location>
   <extension>
      <vendorName/>
      <archiveFile/>
      <originalFile>file:/C:/Users/carlos.martinez/Desktop/json-to-mods_2xslt/json-to-mods_11-16-2021_792c08c/A-29235.json</originalFile>
      <workingDirectory/>
      <!--values of new global variables-->
      <xslt_document>file:/C:/Users/carlos.martinez/Desktop/json-to-mods_2xslt/json-to-mods_12-03-2021_from_11-16-2021.xsl</xslt_document>
      <archive_file>A-29235.json</archive_file>
      <original_file>A-29235</original_file>
      <working_directory>file:/C:/Users/carlos.martinez/Desktop/json-to-mods_2xslt/json-to-mods_11-16-2021_792c08c/</working_directory>
   </extension>
</mods>
