<?xml version="1.0" encoding="UTF-8"?>
<mods xmlns:xlink="http://www.w3.org/1999/xlink"
      xmlns:xsi="http://www.w3.org/2001/XMLSchema-instance"
      version="3.7"
      xmlns="http://www.loc.gov/mods/v3"
      xsi:schemaLocation="http://www.loc.gov/mods/v3 http://www.loc.gov/standards/mods/v3/mods-3-7.xsd">
   <titleInfo>
      <title>New insights into the ligninolytic capability of a wood decay ascomycete</title>
   </titleInfo>
   <name type="personal" usage="primary">
      <namePart type="given">Semarjit</namePart>
      <namePart type="family">Shary</namePart>
      <displayForm>Shary, Semarjit</displayForm>
      <role>
         <roleTerm type="text">author</roleTerm>
      </role>
   </name>
   <name type="personal">
      <namePart type="given">Sally A.</namePart>
      <namePart type="family">Ralph</namePart>
      <displayForm>Ralph, Sally A.</displayForm>
      <affiliation>United States Department of Agriculture, Forest Service, Forest Products Laboratory, Engineered Composites Sciences, One Gifford Pinchot Drive, Madison, WI 53726</affiliation>
      <role>
         <roleTerm type="text">author</roleTerm>
      </role>
   </name>
   <name type="personal">
      <namePart type="given">Kenneth E.</namePart>
      <namePart type="family">Hammel</namePart>
      <displayForm>Hammel, Kenneth E.</displayForm>
      <affiliation>United States Department of Agriculture, Forest Service, Forest Products Laboratory, Institute for Microbial and Biochemical Technology, One Gifford Pinchot Drive, Madison, WI 53726</affiliation>
      <role>
         <roleTerm type="text">author</roleTerm>
      </role>
   </name>
   <typeOfResource>text</typeOfResource>
   <genre>article</genre>
   <originInfo>
      <dateIssued encoding="w3cdtf" keyDate="yes">2008-12-31</dateIssued>
   </originInfo>
   <note type="treesearch-status">Informally Refereed (Peer-Reviewed)</note>
   <language>
      <languageTerm type="code" authority="iso639-2b">eng</languageTerm>
      <languageTerm type="text">English</languageTerm>
   </language>
   <abstract>Wood-grown cultures of Daldinia concentrica oxidized a permethylated [beta]-14C- labeled synthetic lignin to 14CO2 and also cleaved a permethylated [alpha]-13C-labeled synthetic lignin to give C[alpha]-C[beta] cleavage products that were detected by 13C nuclear magnetic resonance spectrometry. Therefore, this ascomycete resembles white-rot basidiomycetes in attacking the recalcitrant nonphenolic structures that predominate in lignin.</abstract>
   <subject>
      <topic>Biodegradation</topic>
   </subject>
   <subject>
      <topic>deterioration</topic>
   </subject>
   <subject>
      <topic>microbial metabolism</topic>
   </subject>
   <subject>
      <topic>fungi</topic>
   </subject>
   <subject>
      <topic>biotechnology</topic>
   </subject>
   <subject>
      <topic>carbon dioxide</topic>
   </subject>
   <subject>
      <topic>wood-decaying fungi</topic>
   </subject>
   <subject>
      <topic>lignin</topic>
   </subject>
   <subject>
      <topic>Ascomycetes</topic>
   </subject>
   <subject>
      <topic>industrial applications</topic>
   </subject>
   <subject>
      <topic>oxidases</topic>
   </subject>
   <subject>
      <topic>nuclear magnetic resonance spectroscopy</topic>
   </subject>
   <subject>
      <topic>DHP</topic>
   </subject>
   <subject>
      <topic>soft rot</topic>
   </subject>
   <subject>
      <topic>cleavage</topic>
   </subject>
   <subject>
      <topic>decay</topic>
   </subject>
   <subject>
      <topic>decay fungi</topic>
   </subject>
   <subject>
      <topic>Daldinia concentrica</topic>
   </subject>
   <relatedItem type="host">
      <titleInfo>
         <title>Applied and environmental microbiology</title>
      </titleInfo>
      <part>
         <text type="year">2008</text>
         <text type="month">12</text>
         <text type="day">31</text>
         <extent unit="pages">
            <start>6691</start>
            <end>6694</end>
            <total>4</total>
         </extent>
      </part>
   </relatedItem>
   <identifier type="treesearch">2231</identifier>
   <identifier type="treesearch-pub">29165</identifier>
   <location>
      <url access="object in context">https://www.fs.usda.gov/treesearch/pubs/29165</url>
   </location>
   <location>
      <url access="raw object">https://www.fpl.fs.fed.us/documnts/pdf2007/fpl_2007_shary001.pdf</url>
   </location>
   <extension>
      <vendorName/>
      <archiveFile/>
      <originalFile>file:/C:/Users/carlos.martinez/Desktop/json-to-mods_2xslt/json-to-mods_11-16-2021_792c08c/A-29165.json</originalFile>
      <workingDirectory/>
      <!--values of new global variables-->
      <xslt_document>file:/C:/Users/carlos.martinez/Desktop/json-to-mods_2xslt/json-to-mods_12-03-2021_from_11-16-2021.xsl</xslt_document>
      <archive_file>A-29165.json</archive_file>
      <original_file>A-29165</original_file>
      <working_directory>file:/C:/Users/carlos.martinez/Desktop/json-to-mods_2xslt/json-to-mods_11-16-2021_792c08c/</working_directory>
   </extension>
</mods>
