<?xml version="1.0" encoding="UTF-8"?>
<mods xmlns:xlink="http://www.w3.org/1999/xlink"
      xmlns:xsi="http://www.w3.org/2001/XMLSchema-instance"
      version="3.7"
      xmlns="http://www.loc.gov/mods/v3"
      xsi:schemaLocation="http://www.loc.gov/mods/v3 http://www.loc.gov/standards/mods/v3/mods-3-7.xsd">
   <titleInfo>
      <title>Obtaining value prior to pulping with diethyl oxalate and oxalic acid</title>
   </titleInfo>
   <name type="personal" usage="primary">
      <namePart type="given">W.R.</namePart>
      <namePart type="family">Kenealy</namePart>
      <displayForm>Kenealy, W.R.</displayForm>
      <role>
         <roleTerm type="text">author</roleTerm>
      </role>
   </name>
   <name type="personal">
      <namePart type="given">E.</namePart>
      <namePart type="family">Horn</namePart>
      <displayForm>Horn, E.</displayForm>
      <role>
         <roleTerm type="text">author</roleTerm>
      </role>
   </name>
   <name type="personal">
      <namePart type="given">C.J.</namePart>
      <namePart type="family">Houtman</namePart>
      <displayForm>Houtman, C.J.</displayForm>
      <role>
         <roleTerm type="text">author</roleTerm>
      </role>
   </name>
   <name type="personal">
      <namePart type="given">J.</namePart>
      <namePart type="family">Laplaza</namePart>
      <displayForm>Laplaza, J.</displayForm>
      <role>
         <roleTerm type="text">author</roleTerm>
      </role>
   </name>
   <name type="personal">
      <namePart type="given">T.W.</namePart>
      <namePart type="family">Jeffries</namePart>
      <displayForm>Jeffries, T.W.</displayForm>
      <role>
         <roleTerm type="text">author</roleTerm>
      </role>
   </name>
   <typeOfResource>text</typeOfResource>
   <genre>article</genre>
   <originInfo>
      <dateIssued encoding="w3cdtf" keyDate="yes">2008-04-14</dateIssued>
   </originInfo>
   <note type="treesearch-status">Informally Refereed (Peer-Reviewed)</note>
   <language>
      <languageTerm type="code" authority="iso639-2b">eng</languageTerm>
      <languageTerm type="text">English</languageTerm>
   </language>
   <abstract>Pulp and paper are converted to paper products with yields of paper dependent on the wood and the process used. Even with high yield pulps there are conversion losses and with chemical pulps the yields approach 50%. The portions of the wood that do not provide product are either combusted to generate power and steam or incur a cost in waste water treatment. Value prior to pulping is an approach to pulping that tries to recover the carbohydrate components that do not enter the paper product before the pulping process has been started. We describe here an approach that releases hemicellulosic sugars from wood chips (both softwoods and hardwoods). Treatment of wood chips with oxalic acid solutions or diethyl oxalate in a vapor phase deposits oxalic acid within the wood chip where it will hydrolyze the hemicellulose. Solutions of these hydrolysates are readily fermented with Saccharomyces cerevisiae, Pichia stipitis or Escherichia coli. The treated wood chips are improved sources for pulp and paper production. The high yield thermomechanical pulps require 30-50% less electrical refiner energy and result in a stronger paper product. Chips treated prior to kraft pulping have similar yields of pulp, but decreased kappa values for the same cooking conditions. The pretreatments described hold promise for the generation of new products from existing manufacturing infrastructure while improving traditional processes.</abstract>
   <subject>
      <topic>Alcohol</topic>
   </subject>
   <subject>
      <topic>carbohydrates</topic>
   </subject>
   <subject>
      <topic>hemicellulose</topic>
   </subject>
   <subject>
      <topic>paper industry</topic>
   </subject>
   <subject>
      <topic>energy conservation</topic>
   </subject>
   <subject>
      <topic>wood-pulp industry</topic>
   </subject>
   <subject>
      <topic>energy conservation</topic>
   </subject>
   <subject>
      <topic>pretreatment</topic>
   </subject>
   <subject>
      <topic>wood chips</topic>
   </subject>
   <subject>
      <topic>oxalic acid</topic>
   </subject>
   <subject>
      <topic>wood-pulp</topic>
   </subject>
   <subject>
      <topic>oxalates</topic>
   </subject>
   <subject>
      <topic>pulping</topic>
   </subject>
   <subject>
      <topic>Eucalyptus</topic>
   </subject>
   <subject>
      <topic>biorefining</topic>
   </subject>
   <subject>
      <topic>aspen</topic>
   </subject>
   <subject>
      <topic>energy conservation</topic>
   </subject>
   <subject>
      <topic>vapor phase</topic>
   </subject>
   <subject>
      <topic>diethyl oxalate</topic>
   </subject>
   <subject>
      <topic>thermomechanical pulping</topic>
   </subject>
   <subject>
      <topic>chips</topic>
   </subject>
   <subject>
      <topic>pine</topic>
   </subject>
   <relatedItem type="host">
      <titleInfo>
         <title>Proceedings of the 10th International Congress on Biotechnology in the Pulp and Paper Industry, 2007 June 10-15, Madison, WI</title>
      </titleInfo>
      <part>
         <text type="year">2008</text>
         <text type="month">04</text>
         <text type="day">14</text>
         <extent unit="pages">
            <start>25</start>
            <end>26</end>
            <total>2</total>
         </extent>
      </part>
   </relatedItem>
   <identifier type="treesearch">1534</identifier>
   <identifier type="treesearch-pub">29769</identifier>
   <location>
      <url access="object in context">https://www.fs.usda.gov/treesearch/pubs/29769</url>
   </location>
   <location>
      <url access="raw object">https://www.fpl.fs.fed.us/documnts/pdf2007/fpl_2007_kenealy004.pdf</url>
   </location>
   <extension>
      <vendorName/>
      <archiveFile/>
      <originalFile>file:/C:/Users/carlos.martinez/Desktop/json-to-mods_2xslt/json-to-mods_11-16-2021_792c08c/A-29769.json</originalFile>
      <workingDirectory/>
      <!--values of new global variables-->
      <xslt_document>file:/C:/Users/carlos.martinez/Desktop/json-to-mods_2xslt/json-to-mods_12-03-2021_from_11-16-2021.xsl</xslt_document>
      <archive_file>A-29769.json</archive_file>
      <original_file>A-29769</original_file>
      <working_directory>file:/C:/Users/carlos.martinez/Desktop/json-to-mods_2xslt/json-to-mods_11-16-2021_792c08c/</working_directory>
   </extension>
</mods>
