<?xml version="1.0" encoding="UTF-8"?>
<mods xmlns:xlink="http://www.w3.org/1999/xlink"
      xmlns:xsi="http://www.w3.org/2001/XMLSchema-instance"
      version="3.7"
      xmlns="http://www.loc.gov/mods/v3"
      xsi:schemaLocation="http://www.loc.gov/mods/v3 http://www.loc.gov/standards/mods/v3/mods-3-7.xsd">
   <titleInfo>
      <title>Design, development, and testing of a hybrid in situ testing device for building joint sealant</title>
   </titleInfo>
   <name type="personal" usage="primary">
      <namePart type="given">C.</namePart>
      <namePart type="family">White</namePart>
      <displayForm>White, C.</displayForm>
      <role>
         <roleTerm type="text">author</roleTerm>
      </role>
   </name>
   <name type="personal">
      <namePart type="given">N.</namePart>
      <namePart type="family">Embree</namePart>
      <displayForm>Embree, N.</displayForm>
      <role>
         <roleTerm type="text">author</roleTerm>
      </role>
   </name>
   <name type="personal">
      <namePart type="given">C.</namePart>
      <namePart type="family">Buch</namePart>
      <displayForm>Buch, C.</displayForm>
      <role>
         <roleTerm type="text">author</roleTerm>
      </role>
   </name>
   <name type="personal">
      <namePart type="given">R.S.</namePart>
      <namePart type="family">Williams</namePart>
      <displayForm>Williams, R.S.</displayForm>
      <role>
         <roleTerm type="text">author</roleTerm>
      </role>
   </name>
   <typeOfResource>text</typeOfResource>
   <genre>article</genre>
   <originInfo>
      <dateIssued encoding="w3cdtf" keyDate="yes">2007-12-18</dateIssued>
   </originInfo>
   <note type="treesearch-status">Informally Refereed (Peer-Reviewed)</note>
   <language>
      <languageTerm type="code" authority="iso639-2b">eng</languageTerm>
      <languageTerm type="text">English</languageTerm>
   </language>
   <abstract>The testing of sealant samples has been restricted to devices that either focus on fatiguing multiple samples or quantifying the mechanical properties of a single sample. This manuscript describes a device that combines these two instrumental designs: the ability to both fatigue and characterize multiple sealant samples at the same time. This device employs precise movement capability combined with a stiff loading frame and accurate force measurement for the characterization of five ASTM C719 sealant samples. The performance of this device is demonstrated by monitoring the changes in mechanical properties of silicone sealant during the first 90 h of cure. A complete description of the apparatus, results from the study of curing and analysis is included.</abstract>
   <subject>
      <topic>Testing-machines</topic>
   </subject>
   <subject>
      <topic>fatigue testing machines</topic>
   </subject>
   <subject>
      <topic>design and construction</topic>
   </subject>
   <subject>
      <topic>sealing compounds</topic>
   </subject>
   <subject>
      <topic>mechanical properties</topic>
   </subject>
   <subject>
      <topic>timber joints</topic>
   </subject>
   <subject>
      <topic>testing</topic>
   </subject>
   <subject>
      <topic>fatigue</topic>
   </subject>
   <subject>
      <topic>joints</topic>
   </subject>
   <subject>
      <topic>silicanes</topic>
   </subject>
   <subject>
      <topic>failure</topic>
   </subject>
   <relatedItem type="host">
      <titleInfo>
         <title>Review of scientific instruments</title>
      </titleInfo>
      <part>
         <text type="year">2007</text>
         <text type="month">12</text>
         <text type="day">18</text>
         <extent unit="pages">
            <total>[7]</total>
         </extent>
      </part>
   </relatedItem>
   <identifier type="treesearch">2281</identifier>
   <identifier type="treesearch-pub">29174</identifier>
   <location>
      <url access="object in context">https://www.fs.usda.gov/treesearch/pubs/29174</url>
   </location>
   <location>
      <url access="raw object">https://www.fpl.fs.fed.us/documnts/pdf2005/fpl_2005_white001.pdf</url>
   </location>
   <extension>
      <vendorName/>
      <archiveFile/>
      <originalFile>file:/C:/Users/carlos.martinez/Desktop/json-to-mods_2xslt/json-to-mods_11-16-2021_792c08c/A-29174.json</originalFile>
      <workingDirectory>C:/Users/carlos.martinez/Desktop/json-to-xml/sample_files/result/</workingDirectory>
      <!--values of new global variables-->
      <xslt_document>file:/C:/Users/carlos.martinez/Desktop/json-to-mods_2xslt/json-to-mods_12-03-2021_from_11-16-2021.xsl</xslt_document>
      <archive_file>A-29174.json</archive_file>
      <original_file>A-29174</original_file>
      <working_directory>file:/C:/Users/carlos.martinez/Desktop/json-to-mods_2xslt/json-to-mods_11-16-2021_792c08c/</working_directory>
   </extension>
</mods>
