<?xml version="1.0" encoding="UTF-8"?>
<mods xmlns:xlink="http://www.w3.org/1999/xlink"
      xmlns:xsi="http://www.w3.org/2001/XMLSchema-instance"
      version="3.7"
      xmlns="http://www.loc.gov/mods/v3"
      xsi:schemaLocation="http://www.loc.gov/mods/v3 http://www.loc.gov/standards/mods/v3/mods-3-7.xsd">
   <titleInfo>
      <title>Fuel to burn: economics of converting forest thinnings to energy using BioMax in southern Oregon.</title>
   </titleInfo>
   <name type="personal" usage="primary">
      <namePart type="given">E.M. (Ted)</namePart>
      <namePart type="family">Bilek</namePart>
      <displayForm>Bilek, E.M. (Ted)</displayForm>
      <role>
         <roleTerm type="text">author</roleTerm>
      </role>
   </name>
   <name type="personal">
      <namePart type="given">Kenneth E.</namePart>
      <namePart type="family">Skog</namePart>
      <displayForm>Skog, Kenneth E.</displayForm>
      <affiliation>United States Department of Agriculture, Forest Service, Forest Products Laboratory, Economics, Statistics and Life Cycle Analysis Research, One Gifford Pinchot Drive, Madison, WI 53726</affiliation>
      <role>
         <roleTerm type="text">author</roleTerm>
      </role>
   </name>
   <name type="personal">
      <namePart type="given">Jeremy</namePart>
      <namePart type="family">Fried</namePart>
      <displayForm>Fried, Jeremy</displayForm>
      <affiliation>United States Department of Agriculture, Forest Service, Pacific Northwest Research Station, , 220 SW 3rd Avenue, Suite 1400, Portland, OR 97204, US</affiliation>
      <role>
         <roleTerm type="text">author</roleTerm>
      </role>
   </name>
   <name type="personal">
      <namePart type="given">Glenn</namePart>
      <namePart type="family">Christensen</namePart>
      <displayForm>Christensen, Glenn</displayForm>
      <role>
         <roleTerm type="text">author</roleTerm>
      </role>
   </name>
   <typeOfResource>text</typeOfResource>
   <genre>article</genre>
   <originInfo>
      <dateIssued encoding="w3cdtf" keyDate="yes">2008-04-28</dateIssued>
   </originInfo>
   <note type="treesearch-status">Informally Refereed (Peer-Reviewed)</note>
   <language>
      <languageTerm type="code" authority="iso639-2b">eng</languageTerm>
      <languageTerm type="text">English</languageTerm>
   </language>
   <abstract>Small-scale gasification plants that generate electrical energy from forest health thinnings may have the potential to deliver substantial amounts of electricity to the national grid. We evaluated the economic feasibility of two sizes of BioMax, a generator manufactured by the Community Power Corporation of Littleton, Colorado. At current avoided-cost electricity prices in Oregon, it would not be economical to operate a small-scale (100-kW) BioMax without a subsidy or tax credit, even if fuel were delivered to the plant at a forest landing at no cost. Given a tax credit, a 1,000-kW system could be operated profitably. If it were possible to sell merchantable logs (removed as part of forest health treatments) for an average of $175/thousand board feet, most acres on gentle slopes in southern Oregon would provide net operating surpluses. Most steeply sloped acres would generate operating deficits. If merchantable timber were sold separately, biomass from forest health thinnings on timberland in 15 western states could potentially provide from 2.3 to 14.3 billion kWh of electricity to the national grid. Our results suggest that if a forest landing is located near an existing power line, distributed energy generation is an option that may be worth considering.</abstract>
   <subject>
      <topic>Economics</topic>
   </subject>
   <subject>
      <topic>Timber</topic>
   </subject>
   <relatedItem type="host">
      <titleInfo>
         <title>Gen</title>
      </titleInfo>
      <part>
         <text type="year">2008</text>
         <text type="month">04</text>
         <text type="day">28</text>
         <extent unit="pages">
            <total>27</total>
         </extent>
      </part>
   </relatedItem>
   <identifier type="treesearch">2362</identifier>
   <identifier type="treesearch-pub">24579</identifier>
   <location>
      <url access="object in context">https://www.fs.usda.gov/treesearch/pubs/24579</url>
   </location>
   <location>
      <url access="raw object">https://www.fs.fed.us/pnw/pubs/journals/pnw_2005_bilek001.pdf</url>
   </location>
   <extension>
      <vendorName/>
      <archiveFile/>
      <originalFile>file:/C:/Users/carlos.martinez/Desktop/json-to-mods_2xslt/json-to-mods_11-16-2021_792c08c/A-24579.json</originalFile>
      <workingDirectory/>
      <!--values of new global variables-->
      <xslt_document>file:/C:/Users/carlos.martinez/Desktop/json-to-mods_2xslt/json-to-mods_12-03-2021_from_11-16-2021.xsl</xslt_document>
      <archive_file>A-24579.json</archive_file>
      <original_file>A-24579</original_file>
      <working_directory>file:/C:/Users/carlos.martinez/Desktop/json-to-mods_2xslt/json-to-mods_11-16-2021_792c08c/</working_directory>
   </extension>
</mods>
