<?xml version="1.0" encoding="UTF-8"?>
<mods xmlns:xlink="http://www.w3.org/1999/xlink"
      xmlns:xsi="http://www.w3.org/2001/XMLSchema-instance"
      version="3.7"
      xmlns="http://www.loc.gov/mods/v3"
      xsi:schemaLocation="http://www.loc.gov/mods/v3 http://www.loc.gov/standards/mods/v3/mods-3-7.xsd">
   <titleInfo>
      <title>Removal of heavy metals from water with forest based materials</title>
   </titleInfo>
   <name type="personal" usage="primary">
      <namePart type="given">James D.</namePart>
      <namePart type="family">McSweeny</namePart>
      <displayForm>McSweeny, James D.</displayForm>
      <affiliation>United States Department of Agriculture, Forest Service, Forest Products Laboratory, , One Gifford Pinchot Drive, Madison, WI 53726</affiliation>
      <role>
         <roleTerm type="text">author</roleTerm>
      </role>
   </name>
   <name type="personal">
      <namePart type="given">Roger M.</namePart>
      <namePart type="family">Rowell</namePart>
      <displayForm>Rowell, Roger M.</displayForm>
      <role>
         <roleTerm type="text">author</roleTerm>
      </role>
   </name>
   <name type="personal">
      <namePart type="given">George C.</namePart>
      <namePart type="family">Chen</namePart>
      <displayForm>Chen, George C.</displayForm>
      <affiliation>United States Department of Agriculture, Forest Service, Forest Products Laboratory, , One Gifford Pinchot Drive, Madison, WI 53726</affiliation>
      <role>
         <roleTerm type="text">author</roleTerm>
      </role>
   </name>
   <name type="personal">
      <namePart type="given">Thomas L.</namePart>
      <namePart type="family">Eberhardt</namePart>
      <displayForm>Eberhardt, Thomas L.</displayForm>
      <affiliation>United States Department of Agriculture, Forest Service, Southern Research Station, Utilization of Southern Forest Resources , 200 W.T. Weaver Blvd. Asheville, NC 28804-3454</affiliation>
      <role>
         <roleTerm type="text">author</roleTerm>
      </role>
   </name>
   <name type="personal">
      <namePart type="given">Soo-Hong</namePart>
      <namePart type="family">Min</namePart>
      <displayForm>Min, Soo-Hong</displayForm>
      <role>
         <roleTerm type="text">author</roleTerm>
      </role>
   </name>
   <typeOfResource>text</typeOfResource>
   <genre>article</genre>
   <originInfo>
      <dateIssued encoding="w3cdtf" keyDate="yes">2008-06-17</dateIssued>
   </originInfo>
   <note type="treesearch-status">Informally Refereed (Peer-Reviewed)</note>
   <language>
      <languageTerm type="code" authority="iso639-2b">eng</languageTerm>
      <languageTerm type="text">English</languageTerm>
   </language>
   <abstract>For 1.5 to 2.5 billion people in the world, clean water is a critical issue (Lepkowski 1999). In the U.S., it is estimated that 90% of all Americans live within 10 miles of a body of contaminated water (Hogue, 2000). The development of filters to clean our water supply is big business. It is estimated that global spending on filtration (including dust collectors, air filtration, liquid cartridges, membranes and liquid macro-filtration) will increase from $17 billion in 1998 to $75 billion by 2020 (Noble, 2000). The fastest-growing non-industrial application area for filter media is for the generation of clean water. One of the prevalent contaminates in our water is metal ions that come from a wide variety of sources including abandoned hard rock and coal mines, highways and large parking lot runoff and natural erosion of minerals. Most methods to remove metal ions from solution are expensive. However, it has been shown that wood and bark are effective in removing metal ions from water (Bryant et al., 1992; Kumar and Dara, 1980; Laszlo and Dintzis, 1994; Randall, 1977).</abstract>
   <subject>
      <topic>Oxidation</topic>
   </subject>
   <subject>
      <topic>esterification</topic>
   </subject>
   <subject>
      <topic>citric acid</topic>
   </subject>
   <subject>
      <topic>hydroxyl group</topic>
   </subject>
   <subject>
      <topic>ion exchange</topic>
   </subject>
   <subject>
      <topic>water pollution</topic>
   </subject>
   <subject>
      <topic>water quality management</topic>
   </subject>
   <subject>
      <topic>heavy metals</topic>
   </subject>
   <subject>
      <topic>metal ions</topic>
   </subject>
   <subject>
      <topic>absorption and adsorption</topic>
   </subject>
   <subject>
      <topic>filters</topic>
   </subject>
   <subject>
      <topic>filtration</topic>
   </subject>
   <subject>
      <topic>wood utilization</topic>
   </subject>
   <subject>
      <topic>adsorption</topic>
   </subject>
   <subject>
      <topic>carboxyl groups</topic>
   </subject>
   <relatedItem type="host">
      <titleInfo>
         <title>232nd ACS National Meeting and Exposition, September 10-14, San Francisco, CA : preprints of extended abstracts, vol</title>
      </titleInfo>
      <part>
         <text type="year">2008</text>
         <text type="month">06</text>
         <text type="day">17</text>
         <extent unit="pages">
            <start>283</start>
            <end>288</end>
            <total>6</total>
         </extent>
      </part>
   </relatedItem>
   <identifier type="treesearch">3259</identifier>
   <identifier type="treesearch-pub">27304</identifier>
   <location>
      <url access="object in context">https://www.fs.usda.gov/treesearch/pubs/27304</url>
   </location>
   <location>
      <url access="raw object">https://www.fpl.fs.fed.us/documnts/pdf2006/fpl_2006_mcsweeny001.pdf</url>
   </location>
   <extension>
      <vendorName/>
      <archiveFile/>
      <originalFile>file:/C:/Users/carlos.martinez/Desktop/json-to-mods_2xslt/json-to-mods_11-16-2021_792c08c/A-27304.json</originalFile>
      <workingDirectory/>
      <!--values of new global variables-->
      <xslt_document>file:/C:/Users/carlos.martinez/Desktop/json-to-mods_2xslt/json-to-mods_12-03-2021_from_11-16-2021.xsl</xslt_document>
      <archive_file>A-27304.json</archive_file>
      <original_file>A-27304</original_file>
      <working_directory>file:/C:/Users/carlos.martinez/Desktop/json-to-mods_2xslt/json-to-mods_11-16-2021_792c08c/</working_directory>
   </extension>
</mods>
