<?xml version="1.0" encoding="UTF-8"?>
<mods xmlns:xlink="http://www.w3.org/1999/xlink"
      xmlns:xsi="http://www.w3.org/2001/XMLSchema-instance"
      version="3.7"
      xmlns="http://www.loc.gov/mods/v3"
      xsi:schemaLocation="http://www.loc.gov/mods/v3 http://www.loc.gov/standards/mods/v3/mods-3-7.xsd">
   <titleInfo>
      <title>Tests for Z-direction fiber orientation</title>
   </titleInfo>
   <name type="personal" usage="primary">
      <namePart type="given">David W.</namePart>
      <namePart type="family">Vahey</namePart>
      <displayForm>Vahey, David W.</displayForm>
      <affiliation>United States Department of Agriculture, Forest Service, Forest Products Laboratory, Engineered Composites Sciences, One Gifford Pinchot Drive, Madison, WI 53726</affiliation>
      <role>
         <roleTerm type="text">author</roleTerm>
      </role>
   </name>
   <name type="personal">
      <namePart type="given">John M.</namePart>
      <namePart type="family">Considine</namePart>
      <displayForm>Considine, John M.</displayForm>
      <affiliation>United States Department of Agriculture, Forest Service, Forest Products Laboratory, Fiber and Chemical Sciences Research, One Gifford Pinchot Drive, Madison, WI 53726</affiliation>
      <role>
         <roleTerm type="text">author</roleTerm>
      </role>
   </name>
   <typeOfResource>text</typeOfResource>
   <genre>article</genre>
   <originInfo>
      <dateIssued encoding="w3cdtf" keyDate="yes">2008-04-14</dateIssued>
   </originInfo>
   <note type="treesearch-status">Informally Refereed (Peer-Reviewed)</note>
   <language>
      <languageTerm type="code" authority="iso639-2b">eng</languageTerm>
      <languageTerm type="text">English</languageTerm>
   </language>
   <abstract>Fibers that acquire a Z-direction tilt in the forming process help bond adjacent strata of the paper sheet, increasing Z-direction shear and other properties. For certain tests, this manifests itself as a test difference upon 180° in-plane rotation of the sheet. Seven of eight different paper grades ranging in grammage from 73 to 268 g/m2 were found to show this difference for Scott internal bond tests, directional brightness tests, or both. Directional effects were compared using an extensional and a shear metric. One-third of comparisons showed significant directional effects at the 75-100% confidence level, including roughly equal numbers of Scott bond and brightness comparisons. However, the two tests did not reinforce each other strongly; agreement regarding directional effects occurred in only 60% of comparisons. The number of significant effects in the cross-machine direction matched those in the machine direction (MD), suggesting a more complex model may he needed. The best support for the fiber-tilt model was in the case of MD Scott-internal-bondtesting.</abstract>
   <subject>
      <topic>Paper</topic>
   </subject>
   <subject>
      <topic>testing</topic>
   </subject>
   <subject>
      <topic>orientation</topic>
   </subject>
   <subject>
      <topic>fibers</topic>
   </subject>
   <subject>
      <topic>papermaking</topic>
   </subject>
   <subject>
      <topic>shear</topic>
   </subject>
   <subject>
      <topic>Student's t-test</topic>
   </subject>
   <subject>
      <topic>shear strength</topic>
   </subject>
   <subject>
      <topic>Z-direction</topic>
   </subject>
   <subject>
      <topic>wood fibers</topic>
   </subject>
   <subject>
      <topic>testing</topic>
   </subject>
   <subject>
      <topic>paper</topic>
   </subject>
   <subject>
      <topic>strength</topic>
   </subject>
   <subject>
      <topic>brightness</topic>
   </subject>
   <subject>
      <topic>bond strength</topic>
   </subject>
   <subject>
      <topic>fiber tilt</topic>
   </subject>
   <subject>
      <topic>grain</topic>
   </subject>
   <subject>
      <topic>test directionality</topic>
   </subject>
   <subject>
      <topic>running direction</topic>
   </subject>
   <subject>
      <topic>Scott internal bond</topic>
   </subject>
   <subject>
      <topic>brightness</topic>
   </subject>
   <subject>
      <topic>tape pull</topic>
   </subject>
   <subject>
      <topic>fiber pull</topic>
   </subject>
   <subject>
      <topic>confidence</topic>
   </subject>
   <subject>
      <topic>significance</topic>
   </subject>
   <subject>
      <topic>toward headbox</topic>
   </subject>
   <subject>
      <topic>toward reel</topic>
   </subject>
   <subject>
      <topic>Fourdrinier</topic>
   </subject>
   <subject>
      <topic>rush</topic>
   </subject>
   <subject>
      <topic>drag</topic>
   </subject>
   <relatedItem type="host">
      <titleInfo>
         <title>61st Appita Annual Conference and Exhibition : Gold Coast, Australia, 6-9 May 2007 : proceedings</title>
      </titleInfo>
      <part>
         <text type="year">2008</text>
         <text type="month">04</text>
         <text type="day">14</text>
         <extent unit="pages">
            <start>53</start>
            <end>59</end>
            <total>7</total>
         </extent>
      </part>
   </relatedItem>
   <identifier type="treesearch">1603</identifier>
   <identifier type="treesearch-pub">29771</identifier>
   <location>
      <url access="object in context">https://www.fs.usda.gov/treesearch/pubs/29771</url>
   </location>
   <location>
      <url access="raw object">https://www.fpl.fs.fed.us/documnts/pdf2007/fpl_2007_vahey002.pdf</url>
   </location>
   <extension>
      <vendorName/>
      <archiveFile/>
      <originalFile>file:/C:/Users/carlos.martinez/Desktop/json-to-mods_2xslt/json-to-mods_11-16-2021_792c08c/A-29771.json</originalFile>
      <workingDirectory/>
      <!--values of new global variables-->
      <xslt_document>file:/C:/Users/carlos.martinez/Desktop/json-to-mods_2xslt/json-to-mods_12-03-2021_from_11-16-2021.xsl</xslt_document>
      <archive_file>A-29771.json</archive_file>
      <original_file>A-29771</original_file>
      <working_directory>file:/C:/Users/carlos.martinez/Desktop/json-to-mods_2xslt/json-to-mods_11-16-2021_792c08c/</working_directory>
   </extension>
</mods>
